{
"type": "FeatureCollection",
"name": "DMI_GRID_korigeret ",
"crs": { "type": "name", "properties": { "name": "urn:ogc:def:crs:EPSG::25832" } },
"features": [
{ "type": "Feature", "properties": { "cellId": "10km_605_65", "Nedboer": null, "Nedbeor": null }, "geometry": { "type": "MultiPolygon", "coordinates": [ [ [ [ 650002.60223663772922, 6049997.800447067245841 ], [ 650001.389294973341748, 6059998.211395786143839 ], [ 660001.779387786402367, 6059995.34787552151829 ], [ 659998.768105495721102, 6050004.800343393348157 ], [ 650002.60223663772922, 6049997.800447067245841 ] ] ] ] } },
{ "type": "Feature", "properties": { "cellId": "10km_605_66", "Nedboer": null, "Nedbeor": null }, "geometry": { "type": "MultiPolygon", "coordinates": [ [ [ [ 659998.768105495721102, 6050004.800343393348157 ], [ 660001.779387786402367, 6059995.34787552151829 ], [ 669997.27359269594308, 6060003.202735151164234 ], [ 669997.268917330191471, 6050000.423319297842681 ], [ 659998.768105495721102, 6050004.800343393348157 ] ] ] ] } },
{ "type": "Feature", "properties": { "cellId": "10km_605_68", "Nedboer": null, "Nedbeor": null }, "geometry": { "type": "MultiPolygon", "coordinates": [ [ [ [ 679997.860270645818673, 6049995.801483414135873 ], [ 680001.703152957255952, 6060000.006834578700364 ], [ 690001.90021916013211, 6059996.394006628543139 ], [ 690000.199939870741218, 6050002.06560043990612 ], [ 679997.860270645818673, 6049995.801483414135873 ] ] ] ] } },
{ "type": "Feature", "properties": { "cellId": "10km_605_69", "Nedboer": null, "Nedbeor": null }, "geometry": { "type": "MultiPolygon", "coordinates": [ [ [ [ 690000.199939870741218, 6050002.06560043990612 ], [ 690001.90021916013211, 6059996.394006628543139 ], [ 699997.495751023991033, 6060003.452397208660841 ], [ 699998.852900913567282, 6049996.69492735248059 ], [ 690000.199939870741218, 6050002.06560043990612 ] ] ] ] } },
{ "type": "Feature", "properties": { "cellId": "10km_606_60", "Nedboer": null, "Nedbeor": null }, "geometry": { "type": "MultiPolygon", "coordinates": [ [ [ [ 599999.143875180161558, 6059998.142584934830666 ], [ 599996.786308215581812, 6070005.28895867895335 ], [ 609999.285461296327412, 6070004.295564058236778 ], [ 609997.999661424779333, 6059996.297142460010946 ], [ 599999.143875180161558, 6059998.142584934830666 ] ] ] ] } },
{ "type": "Feature", "properties": { "cellId": "10km_606_61", "Nedboer": null, "Nedbeor": null }, "geometry": { "type": "MultiPolygon", "coordinates": [ [ [ [ 609997.999661424779333, 6059996.297142460010946 ], [ 609999.285461296327412, 6070004.295564058236778 ], [ 619996.708419589907862, 6070003.053200657479465 ], [ 619997.915685917134397, 6060005.409729505889118 ], [ 609997.999661424779333, 6059996.297142460010946 ] ] ] ] } },
{ "type": "Feature", "properties": { "cellId": "10km_606_63", "Nedboer": null, "Nedbeor": null }, "geometry": { "type": "MultiPolygon", "coordinates": [ [ [ [ 629999.58039025310427, 6060003.234918279573321 ], [ 630002.045129917794839, 6070001.895486099645495 ], [ 640002.55198411422316, 6070000.472117178142071 ], [ 640002.846622392651625, 6060000.904491980560124 ], [ 629999.58039025310427, 6060003.234918279573321 ] ] ] ] } },
{ "type": "Feature", "properties": { "cellId": "10km_606_64", "Nedboer": null, "Nedbeor": null }, "geometry": { "type": "MultiPolygon", "coordinates": [ [ [ [ 640002.846622392651625, 6060000.904491980560124 ], [ 640002.55198411422316, 6070000.472117178142071 ], [ 649998.351676206104457, 6069998.746963358484209 ], [ 650001.389294973341748, 6059998.211395786143839 ], [ 640002.846622392651625, 6060000.904491980560124 ] ] ] ] } },
{ "type": "Feature", "properties": { "cellId": "10km_606_65", "Nedboer": null, "Nedbeor": null }, "geometry": { "type": "MultiPolygon", "coordinates": [ [ [ [ 650001.389294973341748, 6059998.211395786143839 ], [ 649998.351676206104457, 6069998.746963358484209 ], [ 660002.435354731278494, 6069997.140684561803937 ], [ 660001.779387786402367, 6059995.34787552151829 ], [ 650001.389294973341748, 6059998.211395786143839 ] ] ] ] } },
{ "type": "Feature", "properties": { "cellId": "10km_606_66", "Nedboer": null, "Nedbeor": null }, "geometry": { "type": "MultiPolygon", "coordinates": [ [ [ [ 660001.779387786402367, 6059995.34787552151829 ], [ 660002.435354731278494, 6069997.140684561803937 ], [ 670002.05803110753186, 6069995.218875541351736 ], [ 669997.27359269594308, 6060003.202735151164234 ], [ 660001.779387786402367, 6059995.34787552151829 ] ] ] ] } },
{ "type": "Feature", "properties": { "cellId": "10km_606_67", "Nedboer": null, "Nedbeor": null }, "geometry": { "type": "MultiPolygon", "coordinates": [ [ [ [ 669997.27359269594308, 6060003.202735151164234 ], [ 670002.05803110753186, 6069995.218875541351736 ], [ 679996.898539780173451, 6070004.069881747476757 ], [ 680001.703152957255952, 6060000.006834578700364 ], [ 669997.27359269594308, 6060003.202735151164234 ] ] ] ] } },
{ "type": "Feature", "properties": { "cellId": "10km_606_68", "Nedboer": null, "Nedbeor": null }, "geometry": { "type": "MultiPolygon", "coordinates": [ [ [ [ 680001.703152957255952, 6060000.006834578700364 ], [ 679996.898539780173451, 6070004.069881747476757 ], [ 690000.812247685156763, 6070001.954871147871017 ], [ 690001.90021916013211, 6059996.394006628543139 ], [ 680001.703152957255952, 6060000.006834578700364 ] ] ] ] } },
{ "type": "Feature", "properties": { "cellId": "10km_606_69", "Nedboer": null, "Nedbeor": null }, "geometry": { "type": "MultiPolygon", "coordinates": [ [ [ [ 690001.90021916013211, 6059996.394006628543139 ], [ 690000.812247685156763, 6070001.954871147871017 ], [ 700000.633462717290968, 6069999.478821133263409 ], [ 699997.495751023991033, 6060003.452397208660841 ], [ 690001.90021916013211, 6059996.394006628543139 ] ] ] ] } },
{ "type": "Feature", "properties": { "cellId": "10km_607_51", "Nedboer": null, "Nedbeor": null }, "geometry": { "type": "MultiPolygon", "coordinates": [ [ [ [ 510002.169966052228119, 6069998.877240596339107 ], [ 509999.23249812569702, 6080002.594993085600436 ], [ 519998.588562249438837, 6080002.567209753207862 ], [ 519998.031070735363755, 6069998.730180680751801 ], [ 510002.169966052228119, 6069998.877240596339107 ] ] ] ] } },
{ "type": "Feature", "properties": { "cellId": "10km_607_52", "Nedboer": null, "Nedbeor": null }, "geometry": { "type": "MultiPolygon", "coordinates": [ [ [ [ 519998.031070735363755, 6069998.730180680751801 ], [ 519998.588562249438837, 6080002.567209753207862 ], [ 529998.191758508561179, 6080002.521734625101089 ], [ 530000.571259786956944, 6069998.519172552041709 ], [ 519998.031070735363755, 6069998.730180680751801 ] ] ] ] } },
{ "type": "Feature", "properties": { "cellId": "10km_607_54", "Nedboer": null, "Nedbeor": null }, "geometry": { "type": "MultiPolygon", "coordinates": [ [ [ [ 539997.049318424426019, 6069998.174163514748216 ], [ 539998.165653319447301, 6080002.459813329391181 ], [ 549998.633813516818918, 6080002.383189757354558 ], [ 550000.453352340497077, 6069997.796685248613358 ], [ 539997.049318424426019, 6069998.174163514748216 ] ] ] ] } },
{ "type": "Feature", "properties": { "cellId": "10km_607_59", "Nedboer": null, "Nedbeor": null }, "geometry": { "type": "MultiPolygon", "coordinates": [ [ [ [ 590002.175796289811842, 6069995.201262025162578 ], [ 590001.501848973101005, 6080001.853515176102519 ], [ 599999.875944811734371, 6080001.589948236010969 ], [ 599996.786308215581812, 6070005.28895867895335 ], [ 590002.175796289811842, 6069995.201262025162578 ] ] ] ] } },
{ "type": "Feature", "properties": { "cellId": "10km_607_60", "Nedboer": null, "Nedbeor": null }, "geometry": { "type": "MultiPolygon", "coordinates": [ [ [ [ 599996.786308215581812, 6070005.28895867895335 ], [ 599999.875944811734371, 6080001.589948236010969 ], [ 609999.48537650925573, 6080001.304044032469392 ], [ 609999.285461296327412, 6070004.295564058236778 ], [ 599996.786308215581812, 6070005.28895867895335 ] ] ] ] } },
{ "type": "Feature", "properties": { "cellId": "10km_607_61", "Nedboer": null, "Nedbeor": null }, "geometry": { "type": "MultiPolygon", "coordinates": [ [ [ [ 609999.285461296327412, 6070004.295564058236778 ], [ 609999.48537650925573, 6080001.304044032469392 ], [ 620000.453670462942682, 6080001.001026886515319 ], [ 619996.708419589907862, 6070003.053200657479465 ], [ 609999.285461296327412, 6070004.295564058236778 ] ] ] ] } },
{ "type": "Feature", "properties": { "cellId": "10km_607_62", "Nedboer": null, "Nedbeor": null }, "geometry": { "type": "MultiPolygon", "coordinates": [ [ [ [ 619996.708419589907862, 6070003.053200657479465 ], [ 620000.453670462942682, 6080001.001026886515319 ], [ 630002.904354651924223, 6080000.686618469655514 ], [ 630002.045129917794839, 6070001.895486099645495 ], [ 619996.708419589907862, 6070003.053200657479465 ] ] ] ] } },
{ "type": "Feature", "properties": { "cellId": "10km_607_63", "Nedboer": null, "Nedbeor": null }, "geometry": { "type": "MultiPolygon", "coordinates": [ [ [ [ 630002.045129917794839, 6070001.895486099645495 ], [ 630002.904354651924223, 6080000.686618469655514 ], [ 640000.541432069381699, 6080000.167185359634459 ], [ 640002.55198411422316, 6070000.472117178142071 ], [ 630002.045129917794839, 6070001.895486099645495 ] ] ] ] } },
{ "type": "Feature", "properties": { "cellId": "10km_607_64", "Nedboer": null, "Nedbeor": null }, "geometry": { "type": "MultiPolygon", "coordinates": [ [ [ [ 640002.55198411422316, 6070000.472117178142071 ], [ 640000.541432069381699, 6080000.167185359634459 ], [ 649999.907502790912986, 6079999.620734320022166 ], [ 649998.351676206104457, 6069998.746963358484209 ], [ 640002.55198411422316, 6070000.472117178142071 ] ] ] ] } },
{ "type": "Feature", "properties": { "cellId": "10km_607_65", "Nedboer": null, "Nedbeor": null }, "geometry": { "type": "MultiPolygon", "coordinates": [ [ [ [ 649998.351676206104457, 6069998.746963358484209 ], [ 649999.907502790912986, 6079999.620734320022166 ], [ 660001.126053022104315, 6079999.054469522088766 ], [ 660002.435354731278494, 6069997.140684561803937 ], [ 649998.351676206104457, 6069998.746963358484209 ] ] ] ] } },
{ "type": "Feature", "properties": { "cellId": "10km_607_66", "Nedboer": null, "Nedbeor": null }, "geometry": { "type": "MultiPolygon", "coordinates": [ [ [ [ 660002.435354731278494, 6069997.140684561803937 ], [ 660001.126053022104315, 6079999.054469522088766 ], [ 669997.900309174554422, 6079998.233409277163446 ], [ 670002.05803110753186, 6069995.218875541351736 ], [ 660002.435354731278494, 6069997.140684561803937 ] ] ] ] } },
{ "type": "Feature", "properties": { "cellId": "10km_607_67", "Nedboer": null, "Nedbeor": null }, "geometry": { "type": "MultiPolygon", "coordinates": [ [ [ [ 670002.05803110753186, 6069995.218875541351736 ], [ 669997.900309174554422, 6079998.233409277163446 ], [ 680003.194009354105219, 6079997.636828728951514 ], [ 679996.898539780173451, 6070004.069881747476757 ], [ 670002.05803110753186, 6069995.218875541351736 ] ] ] ] } },
{ "type": "Feature", "properties": { "cellId": "10km_607_68", "Nedboer": null, "Nedbeor": null }, "geometry": { "type": "MultiPolygon", "coordinates": [ [ [ [ 679996.898539780173451, 6070004.069881747476757 ], [ 680003.194009354105219, 6079997.636828728951514 ], [ 689997.868982658605091, 6079996.502530776895583 ], [ 690000.812247685156763, 6070001.954871147871017 ], [ 679996.898539780173451, 6070004.069881747476757 ] ] ] ] } },
{ "type": "Feature", "properties": { "cellId": "10km_607_69", "Nedboer": null, "Nedbeor": null }, "geometry": { "type": "MultiPolygon", "coordinates": [ [ [ [ 690000.812247685156763, 6070001.954871147871017 ], [ 689997.868982658605091, 6079996.502530776895583 ], [ 700001.310294347582385, 6079995.610572323203087 ], [ 700000.633462717290968, 6069999.478821133263409 ], [ 690000.812247685156763, 6070001.954871147871017 ] ] ] ] } },
{ "type": "Feature", "properties": { "cellId": "10km_608_47", "Nedboer": null, "Nedbeor": null }, "geometry": { "type": "MultiPolygon", "coordinates": [ [ [ [ 470001.808241491380613, 6080002.521734625101089 ], [ 469998.069750862079673, 6089995.58746808860451 ], [ 480001.053983044810593, 6089995.425064770504832 ], [ 480001.411437750561163, 6080002.567209753207862 ], [ 470001.808241491380613, 6080002.521734625101089 ] ] ] ] } },
{ "type": "Feature", "properties": { "cellId": "10km_608_48", "Nedboer": null, "Nedbeor": null }, "geometry": { "type": "MultiPolygon", "coordinates": [ [ [ [ 480001.411437750561163, 6080002.567209753207862 ], [ 480001.053983044810593, 6089995.425064770504832 ], [ 489997.387000311922748, 6089995.348131303675473 ], [ 490000.767501874419395, 6080002.594993085600436 ], [ 480001.411437750561163, 6080002.567209753207862 ] ] ] ] } },
{ "type": "Feature", "properties": { "cellId": "10km_608_49", "Nedboer": null, "Nedbeor": null }, "geometry": { "type": "MultiPolygon", "coordinates": [ [ [ [ 490000.767501874419395, 6080002.594993085600436 ], [ 489997.387000311922748, 6089995.348131303675473 ], [ 500000.0, 6089995.313043350353837 ], [ 500000.0, 6080002.604337239637971 ], [ 490000.767501874419395, 6080002.594993085600436 ] ] ] ] } },
{ "type": "Feature", "properties": { "cellId": "10km_608_50", "Nedboer": null, "Nedbeor": null }, "geometry": { "type": "MultiPolygon", "coordinates": [ [ [ [ 500000.0, 6080002.604337239637971 ], [ 500000.0, 6089995.313043350353837 ], [ 510002.612999688193668, 6089995.348131303675473 ], [ 509999.23249812569702, 6080002.594993085600436 ], [ 500000.0, 6080002.604337239637971 ] ] ] ] } },
{ "type": "Feature", "properties": { "cellId": "10km_608_51", "Nedboer": null, "Nedbeor": null }, "geometry": { "type": "MultiPolygon", "coordinates": [ [ [ [ 509999.23249812569702, 6080002.594993085600436 ], [ 510002.612999688193668, 6089995.348131303675473 ], [ 519998.946016955189407, 6089995.425064770504832 ], [ 519998.588562249438837, 6080002.567209753207862 ], [ 509999.23249812569702, 6080002.594993085600436 ] ] ] ] } },
{ "type": "Feature", "properties": { "cellId": "10km_608_52", "Nedboer": null, "Nedbeor": null }, "geometry": { "type": "MultiPolygon", "coordinates": [ [ [ [ 519998.588562249438837, 6080002.567209753207862 ], [ 519998.946016955189407, 6089995.425064770504832 ], [ 530001.930249137920327, 6089995.58746808860451 ], [ 529998.191758508561179, 6080002.521734625101089 ], [ 519998.588562249438837, 6080002.567209753207862 ] ] ] ] } },
{ "type": "Feature", "properties": { "cellId": "10km_608_53", "Nedboer": null, "Nedbeor": null }, "geometry": { "type": "MultiPolygon", "coordinates": [ [ [ [ 529998.191758508561179, 6080002.521734625101089 ], [ 530001.930249137920327, 6089995.58746808860451 ], [ 539998.881904253386892, 6089995.765148993581533 ], [ 539998.165653319447301, 6080002.459813329391181 ], [ 529998.191758508561179, 6080002.521734625101089 ] ] ] ] } },
{ "type": "Feature", "properties": { "cellId": "10km_608_54", "Nedboer": null, "Nedbeor": null }, "geometry": { "type": "MultiPolygon", "coordinates": [ [ [ [ 539998.165653319447301, 6080002.459813329391181 ], [ 539998.881904253386892, 6089995.765148993581533 ], [ 550002.732336613233201, 6089996.059893908910453 ], [ 549998.633813516818918, 6080002.383189757354558 ], [ 539998.165653319447301, 6080002.459813329391181 ] ] ] ] } },
{ "type": "Feature", "properties": { "cellId": "10km_608_55", "Nedboer": null, "Nedbeor": null }, "geometry": { "type": "MultiPolygon", "coordinates": [ [ [ [ 549998.633813516818918, 6080002.383189757354558 ], [ 550002.732336613233201, 6089996.059893908910453 ], [ 560000.797536199097522, 6089996.345355905592442 ], [ 559999.719806495471857, 6080002.294106037355959 ], [ 549998.633813516818918, 6080002.383189757354558 ] ] ] ] } },
{ "type": "Feature", "properties": { "cellId": "10km_608_56", "Nedboer": null, "Nedbeor": null }, "geometry": { "type": "MultiPolygon", "coordinates": [ [ [ [ 559999.719806495471857, 6080002.294106037355959 ], [ 560000.797536199097522, 6089996.345355905592442 ], [ 569999.605048485915177, 6089996.681457817554474 ], [ 570001.547200351720676, 6080002.195302547886968 ], [ 559999.719806495471857, 6080002.294106037355959 ] ] ] ] } },
{ "type": "Feature", "properties": { "cellId": "10km_608_57", "Nedboer": null, "Nedbeor": null }, "geometry": { "type": "MultiPolygon", "coordinates": [ [ [ [ 570001.547200351720676, 6080002.195302547886968 ], [ 569999.605048485915177, 6089996.681457817554474 ], [ 579999.27858631988056, 6089997.071463712491095 ], [ 579997.8210796789499, 6080001.975824293680489 ], [ 570001.547200351720676, 6080002.195302547886968 ] ] ] ] } },
{ "type": "Feature", "properties": { "cellId": "10km_608_58", "Nedboer": null, "Nedbeor": null }, "geometry": { "type": "MultiPolygon", "coordinates": [ [ [ [ 579997.8210796789499, 6080001.975824293680489 ], [ 579999.27858631988056, 6089997.071463712491095 ], [ 589999.941863424144685, 6089997.519139714539051 ], [ 590001.501848973101005, 6080001.853515176102519 ], [ 579997.8210796789499, 6080001.975824293680489 ] ] ] ] } },
{ "type": "Feature", "properties": { "cellId": "10km_608_59", "Nedboer": null, "Nedbeor": null }, "geometry": { "type": "MultiPolygon", "coordinates": [ [ [ [ 590001.501848973101005, 6080001.853515176102519 ], [ 589999.941863424144685, 6089997.519139714539051 ], [ 600001.718594529433176, 6089998.028753992170095 ], [ 599999.875944811734371, 6080001.589948236010969 ], [ 590001.501848973101005, 6080001.853515176102519 ] ] ] ] } },
{ "type": "Feature", "properties": { "cellId": "10km_608_60", "Nedboer": null, "Nedbeor": null }, "geometry": { "type": "MultiPolygon", "coordinates": [ [ [ [ 599999.875944811734371, 6080001.589948236010969 ], [ 600001.718594529433176, 6089998.028753992170095 ], [ 609998.327840794809163, 6089998.447883644141257 ], [ 609999.48537650925573, 6080001.304044032469392 ], [ 599999.875944811734371, 6080001.589948236010969 ] ] ] ] } },
{ "type": "Feature", "properties": { "cellId": "10km_608_61", "Nedboer": null, "Nedbeor": null }, "geometry": { "type": "MultiPolygon", "coordinates": [ [ [ [ 609999.48537650925573, 6080001.304044032469392 ], [ 609998.327840794809163, 6089998.447883644141257 ], [ 620002.702448851312511, 6089999.08188917208463 ], [ 620000.453670462942682, 6080001.001026886515319 ], [ 609999.48537650925573, 6080001.304044032469392 ] ] ] ] } },
{ "type": "Feature", "properties": { "cellId": "10km_608_62", "Nedboer": null, "Nedbeor": null }, "geometry": { "type": "MultiPolygon", "coordinates": [ [ [ [ 620000.453670462942682, 6080001.001026886515319 ], [ 620002.702448851312511, 6089999.08188917208463 ], [ 630002.156616452033632, 6089999.607864696532488 ], [ 630002.904354651924223, 6080000.686618469655514 ], [ 620000.453670462942682, 6080001.001026886515319 ] ] ] ] } },
{ "type": "Feature", "properties": { "cellId": "10km_608_63", "Nedboer": null, "Nedbeor": null }, "geometry": { "type": "MultiPolygon", "coordinates": [ [ [ [ 630002.904354651924223, 6080000.686618469655514 ], [ 630002.156616452033632, 6089999.607864696532488 ], [ 639996.813429499627091, 6089999.989203915931284 ], [ 640000.541432069381699, 6080000.167185359634459 ], [ 630002.904354651924223, 6080000.686618469655514 ] ] ] ] } },
{ "type": "Feature", "properties": { "cellId": "10km_608_64", "Nedboer": null, "Nedbeor": null }, "geometry": { "type": "MultiPolygon", "coordinates": [ [ [ [ 640000.541432069381699, 6080000.167185359634459 ], [ 639996.813429499627091, 6089999.989203915931284 ], [ 649999.606819543521851, 6090000.618513754568994 ], [ 649999.907502790912986, 6079999.620734320022166 ], [ 640000.541432069381699, 6080000.167185359634459 ] ] ] ] } },
{ "type": "Feature", "properties": { "cellId": "10km_608_65", "Nedboer": null, "Nedbeor": null }, "geometry": { "type": "MultiPolygon", "coordinates": [ [ [ [ 649999.907502790912986, 6079999.620734320022166 ], [ 649999.606819543521851, 6090000.618513754568994 ], [ 659997.849720765603706, 6090001.088635358959436 ], [ 660001.126053022104315, 6079999.054469522088766 ], [ 649999.907502790912986, 6079999.620734320022166 ] ] ] ] } },
{ "type": "Feature", "properties": { "cellId": "10km_608_66", "Nedboer": null, "Nedbeor": null }, "geometry": { "type": "MultiPolygon", "coordinates": [ [ [ [ 660001.126053022104315, 6079999.054469522088766 ], [ 659997.849720765603706, 6090001.088635358959436 ], [ 669998.071006629383191, 6090001.607397418469191 ], [ 669997.900309174554422, 6079998.233409277163446 ], [ 660001.126053022104315, 6079999.054469522088766 ] ] ] ] } },
{ "type": "Feature", "properties": { "cellId": "10km_608_67", "Nedboer": null, "Nedbeor": null }, "geometry": { "type": "MultiPolygon", "coordinates": [ [ [ [ 669997.900309174554422, 6079998.233409277163446 ], [ 669998.071006629383191, 6090001.607397418469191 ], [ 680000.394310806179419, 6090002.183061479590833 ], [ 680003.194009354105219, 6079997.636828728951514 ], [ 669997.900309174554422, 6079998.233409277163446 ] ] ] ] } },
{ "type": "Feature", "properties": { "cellId": "10km_608_68", "Nedboer": null, "Nedbeor": null }, "geometry": { "type": "MultiPolygon", "coordinates": [ [ [ [ 680003.194009354105219, 6079997.636828728951514 ], [ 680000.394310806179419, 6090002.183061479590833 ], [ 689998.536734108347446, 6090002.552848236635327 ], [ 689997.868982658605091, 6079996.502530776895583 ], [ 680003.194009354105219, 6079997.636828728951514 ] ] ] ] } },
{ "type": "Feature", "properties": { "cellId": "10km_608_69", "Nedboer": null, "Nedbeor": null }, "geometry": { "type": "MultiPolygon", "coordinates": [ [ [ [ 689997.868982658605091, 6079996.502530776895583 ], [ 689998.536734108347446, 6090002.552848236635327 ], [ 699999.027838362846524, 6090002.968958045355976 ], [ 700001.310294347582385, 6079995.610572323203087 ], [ 689997.868982658605091, 6079996.502530776895583 ] ] ] ] } },
{ "type": "Feature", "properties": { "cellId": "10km_608_70", "Nedboer": null, "Nedbeor": null }, "geometry": { "type": "MultiPolygon", "coordinates": [ [ [ [ 700001.310294347582385, 6079995.610572323203087 ], [ 699999.027838362846524, 6090002.968958045355976 ], [ 710001.991217426024377, 6090003.441140469163656 ], [ 710000.280157868750393, 6080005.535343332216144 ], [ 700001.310294347582385, 6079995.610572323203087 ] ] ] ] } },
{ "type": "Feature", "properties": { "cellId": "10km_609_47", "Nedboer": null, "Nedbeor": null }, "geometry": { "type": "MultiPolygon", "coordinates": [ [ [ [ 469998.069750862079673, 6089995.58746808860451 ], [ 470001.184162501769606, 6099999.885724963620305 ], [ 480000.995941946690436, 6099999.558937011286616 ], [ 480001.053983044810593, 6089995.425064770504832 ], [ 469998.069750862079673, 6089995.58746808860451 ] ] ] ] } },
{ "type": "Feature", "properties": { "cellId": "10km_609_48", "Nedboer": null, "Nedbeor": null }, "geometry": { "type": "MultiPolygon", "coordinates": [ [ [ [ 480001.053983044810593, 6089995.425064770504832 ], [ 480000.995941946690436, 6099999.558937011286616 ], [ 490000.559921035543084, 6099999.363370988518 ], [ 489997.387000311922748, 6089995.348131303675473 ], [ 480001.053983044810593, 6089995.425064770504832 ] ] ] ] } },
{ "type": "Feature", "properties": { "cellId": "10km_609_49", "Nedboer": null, "Nedbeor": null }, "geometry": { "type": "MultiPolygon", "coordinates": [ [ [ [ 489997.387000311922748, 6089995.348131303675473 ], [ 490000.559921035543084, 6099999.363370988518 ], [ 500000.0, 6099999.298266772180796 ], [ 500000.0, 6089995.313043350353837 ], [ 489997.387000311922748, 6089995.348131303675473 ] ] ] ] } },
{ "type": "Feature", "properties": { "cellId": "10km_609_50", "Nedboer": null, "Nedbeor": null }, "geometry": { "type": "MultiPolygon", "coordinates": [ [ [ [ 500000.0, 6089995.313043350353837 ], [ 500000.0, 6099999.298266772180796 ], [ 509999.440078964456916, 6099999.363370988518 ], [ 510002.612999688193668, 6089995.348131303675473 ], [ 500000.0, 6089995.313043350353837 ] ] ] ] } },
{ "type": "Feature", "properties": { "cellId": "10km_609_51", "Nedboer": null, "Nedbeor": null }, "geometry": { "type": "MultiPolygon", "coordinates": [ [ [ [ 510002.612999688193668, 6089995.348131303675473 ], [ 509999.440078964456916, 6099999.363370988518 ], [ 519999.004058053425979, 6099999.558937011286616 ], [ 519998.946016955189407, 6089995.425064770504832 ], [ 510002.612999688193668, 6089995.348131303675473 ] ] ] ] } },
{ "type": "Feature", "properties": { "cellId": "10km_609_52", "Nedboer": null, "Nedbeor": null }, "geometry": { "type": "MultiPolygon", "coordinates": [ [ [ [ 519998.946016955189407, 6089995.425064770504832 ], [ 519999.004058053425979, 6099999.558937011286616 ], [ 529998.815837498405017, 6099999.885724963620305 ], [ 530001.930249137920327, 6089995.58746808860451 ], [ 519998.946016955189407, 6089995.425064770504832 ] ] ] ] } },
{ "type": "Feature", "properties": { "cellId": "10km_609_53", "Nedboer": null, "Nedbeor": null }, "geometry": { "type": "MultiPolygon", "coordinates": [ [ [ [ 530001.930249137920327, 6089995.58746808860451 ], [ 529998.815837498405017, 6099999.885724963620305 ], [ 539998.999317746493034, 6100000.345001720823348 ], [ 539998.881904253386892, 6089995.765148993581533 ], [ 530001.930249137920327, 6089995.58746808860451 ] ] ] ] } },
{ "type": "Feature", "properties": { "cellId": "10km_609_54", "Nedboer": null, "Nedbeor": null }, "geometry": { "type": "MultiPolygon", "coordinates": [ [ [ [ 539998.881904253386892, 6089995.765148993581533 ], [ 539998.999317746493034, 6100000.345001720823348 ], [ 549999.678399568540044, 6100000.938540899194777 ], [ 550002.732336613233201, 6089996.059893908910453 ], [ 539998.881904253386892, 6089995.765148993581533 ] ] ] ] } },
{ "type": "Feature", "properties": { "cellId": "10km_609_55", "Nedboer": null, "Nedbeor": null }, "geometry": { "type": "MultiPolygon", "coordinates": [ [ [ [ 550002.732336613233201, 6089996.059893908910453 ], [ 549999.678399568540044, 6100000.938540899194777 ], [ 560000.976984167355113, 6100001.668622864410281 ], [ 560000.797536199097522, 6089996.345355905592442 ], [ 550002.732336613233201, 6089996.059893908910453 ] ] ] ] } },
{ "type": "Feature", "properties": { "cellId": "10km_609_56", "Nedboer": null, "Nedbeor": null }, "geometry": { "type": "MultiPolygon", "coordinates": [ [ [ [ 560000.797536199097522, 6089996.345355905592442 ], [ 560000.976984167355113, 6100001.668622864410281 ], [ 570003.01897328835912, 6100002.538034723140299 ], [ 569999.605048485915177, 6089996.681457817554474 ], [ 560000.797536199097522, 6089996.345355905592442 ] ] ] ] } },
{ "type": "Feature", "properties": { "cellId": "10km_609_57", "Nedboer": null, "Nedbeor": null }, "geometry": { "type": "MultiPolygon", "coordinates": [ [ [ [ 569999.605048485915177, 6089996.681457817554474 ], [ 570003.01897328835912, 6100002.538034723140299 ], [ 579999.538368057110347, 6100003.435622752644122 ], [ 579999.27858631988056, 6089997.071463712491095 ], [ 569999.605048485915177, 6089996.681457817554474 ] ] ] ] } },
{ "type": "Feature", "properties": { "cellId": "10km_609_58", "Nedboer": null, "Nedbeor": null }, "geometry": { "type": "MultiPolygon", "coordinates": [ [ [ [ 579999.27858631988056, 6089997.071463712491095 ], [ 579999.538368057110347, 6100003.435622752644122 ], [ 589997.048709380091168, 6100004.451020328328013 ], [ 589999.941863424144685, 6089997.519139714539051 ], [ 579999.27858631988056, 6089997.071463712491095 ] ] ] ] } },
{ "type": "Feature", "properties": { "cellId": "10km_609_59", "Nedboer": null, "Nedbeor": null }, "geometry": { "type": "MultiPolygon", "coordinates": [ [ [ [ 589999.941863424144685, 6089997.519139714539051 ], [ 589997.048709380091168, 6100004.451020328328013 ], [ 600002.313129746122286, 6099994.605038572102785 ], [ 600001.718594529433176, 6089998.028753992170095 ], [ 589999.941863424144685, 6089997.519139714539051 ] ] ] ] } },
{ "type": "Feature", "properties": { "cellId": "10km_609_60", "Nedboer": null, "Nedbeor": null }, "geometry": { "type": "MultiPolygon", "coordinates": [ [ [ [ 600001.718594529433176, 6089998.028753992170095 ], [ 600002.313129746122286, 6099994.605038572102785 ], [ 610002.201997174881399, 6099995.884074832312763 ], [ 609998.327840794809163, 6089998.447883644141257 ], [ 600001.718594529433176, 6089998.028753992170095 ] ] ] ] } },
{ "type": "Feature", "properties": { "cellId": "10km_609_61", "Nedboer": null, "Nedbeor": null }, "geometry": { "type": "MultiPolygon", "coordinates": [ [ [ [ 609998.327840794809163, 6089998.447883644141257 ], [ 610002.201997174881399, 6099995.884074832312763 ], [ 619997.062864734791219, 6099997.123702542856336 ], [ 620002.702448851312511, 6089999.08188917208463 ], [ 609998.327840794809163, 6089998.447883644141257 ] ] ] ] } },
{ "type": "Feature", "properties": { "cellId": "10km_609_62", "Nedboer": null, "Nedbeor": null }, "geometry": { "type": "MultiPolygon", "coordinates": [ [ [ [ 620002.702448851312511, 6089999.08188917208463 ], [ 619997.062864734791219, 6099997.123702542856336 ], [ 629999.800474526244216, 6099998.658772064372897 ], [ 630002.156616452033632, 6089999.607864696532488 ], [ 620002.702448851312511, 6089999.08188917208463 ] ] ] ] } },
{ "type": "Feature", "properties": { "cellId": "10km_609_63", "Nedboer": null, "Nedbeor": null }, "geometry": { "type": "MultiPolygon", "coordinates": [ [ [ [ 630002.156616452033632, 6089999.607864696532488 ], [ 629999.800474526244216, 6099998.658772064372897 ], [ 639997.757388536585495, 6100000.137957596220076 ], [ 639996.813429499627091, 6089999.989203915931284 ], [ 630002.156616452033632, 6089999.607864696532488 ] ] ] ] } },
{ "type": "Feature", "properties": { "cellId": "10km_609_64", "Nedboer": null, "Nedbeor": null }, "geometry": { "type": "MultiPolygon", "coordinates": [ [ [ [ 639996.813429499627091, 6089999.989203915931284 ], [ 639997.757388536585495, 6100000.137957596220076 ], [ 649997.447961428202689, 6100001.73975261580199 ], [ 649999.606819543521851, 6090000.618513754568994 ], [ 639996.813429499627091, 6089999.989203915931284 ] ] ] ] } },
{ "type": "Feature", "properties": { "cellId": "10km_609_65", "Nedboer": null, "Nedbeor": null }, "geometry": { "type": "MultiPolygon", "coordinates": [ [ [ [ 649999.606819543521851, 6090000.618513754568994 ], [ 649997.447961428202689, 6100001.73975261580199 ], [ 659998.996011902112514, 6100003.471484176814556 ], [ 659997.849720765603706, 6090001.088635358959436 ], [ 649999.606819543521851, 6090000.618513754568994 ] ] ] ] } },
{ "type": "Feature", "properties": { "cellId": "10km_609_66", "Nedboer": null, "Nedbeor": null }, "geometry": { "type": "MultiPolygon", "coordinates": [ [ [ [ 659997.849720765603706, 6090001.088635358959436 ], [ 659998.996011902112514, 6100003.471484176814556 ], [ 670002.525360399507917, 6100005.340984306298196 ], [ 669998.071006629383191, 6090001.607397418469191 ], [ 659997.849720765603706, 6090001.088635358959436 ] ] ] ] } },
{ "type": "Feature", "properties": { "cellId": "10km_609_67", "Nedboer": null, "Nedbeor": null }, "geometry": { "type": "MultiPolygon", "coordinates": [ [ [ [ 669998.071006629383191, 6090001.607397418469191 ], [ 670002.525360399507917, 6100005.340984306298196 ], [ 680002.216048386646435, 6099995.97572975512594 ], [ 680000.394310806179419, 6090002.183061479590833 ], [ 669998.071006629383191, 6090001.607397418469191 ] ] ] ] } },
{ "type": "Feature", "properties": { "cellId": "10km_609_68", "Nedboer": null, "Nedbeor": null }, "geometry": { "type": "MultiPolygon", "coordinates": [ [ [ [ 680000.394310806179419, 6090002.183061479590833 ], [ 680002.216048386646435, 6099995.97572975512594 ], [ 689997.319577885908075, 6099997.588807042688131 ], [ 689998.536734108347446, 6090002.552848236635327 ], [ 680000.394310806179419, 6090002.183061479590833 ] ] ] ] } },
{ "type": "Feature", "properties": { "cellId": "10km_609_69", "Nedboer": null, "Nedbeor": null }, "geometry": { "type": "MultiPolygon", "coordinates": [ [ [ [ 689998.536734108347446, 6090002.552848236635327 ], [ 689997.319577885908075, 6099997.588807042688131 ], [ 700001.16719247715082, 6099999.595079415477812 ], [ 699999.027838362846524, 6090002.968958045355976 ], [ 689998.536734108347446, 6090002.552848236635327 ] ] ] ] } },
{ "type": "Feature", "properties": { "cellId": "10km_609_70", "Nedboer": null, "Nedbeor": null }, "geometry": { "type": "MultiPolygon", "coordinates": [ [ [ [ 699999.027838362846524, 6090002.968958045355976 ], [ 700001.16719247715082, 6099999.595079415477812 ], [ 710001.097862621303648, 6100001.446393771097064 ], [ 710001.991217426024377, 6090003.441140469163656 ], [ 699999.027838362846524, 6090002.968958045355976 ] ] ] ] } },
{ "type": "Feature", "properties": { "cellId": "10km_609_71", "Nedboer": null, "Nedbeor": null }, "geometry": { "type": "MultiPolygon", "coordinates": [ [ [ [ 710001.991217426024377, 6090003.441140469163656 ], [ 710001.097862621303648, 6100001.446393771097064 ], [ 719997.234369409154169, 6100003.110141857527196 ], [ 720001.142967476276681, 6090003.665209085680544 ], [ 710001.991217426024377, 6090003.441140469163656 ] ] ] ] } },
{ "type": "Feature", "properties": { "cellId": "10km_609_72", "Nedboer": null, "Nedbeor": null }, "geometry": { "type": "MultiPolygon", "coordinates": [ [ [ [ 720001.142967476276681, 6090003.665209085680544 ], [ 719997.234369409154169, 6100003.110141857527196 ], [ 730002.486493760836311, 6100005.212385057471693 ], [ 729996.605627876706421, 6090003.609009115025401 ], [ 720001.142967476276681, 6090003.665209085680544 ] ] ] ] } },
{ "type": "Feature", "properties": { "cellId": "10km_610_46", "Nedboer": null, "Nedbeor": null }, "geometry": { "type": "MultiPolygon", "coordinates": [ [ [ [ 460001.000682253506966, 6100000.345001720823348 ], [ 460001.383572128775995, 6110005.071747005917132 ], [ 469998.284330064314418, 6110004.374578988179564 ], [ 470001.184162501769606, 6099999.885724963620305 ], [ 460001.000682253506966, 6100000.345001720823348 ] ] ] ] } },
{ "type": "Feature", "properties": { "cellId": "10km_610_47", "Nedboer": null, "Nedbeor": null }, "geometry": { "type": "MultiPolygon", "coordinates": [ [ [ [ 470001.184162501769606, 6099999.885724963620305 ], [ 469998.284330064314418, 6110004.374578988179564 ], [ 480001.188047443109099, 6110003.841054300777614 ], [ 480000.995941946690436, 6099999.558937011286616 ], [ 470001.184162501769606, 6099999.885724963620305 ] ] ] ] } },
{ "type": "Feature", "properties": { "cellId": "10km_610_48", "Nedboer": null, "Nedbeor": null }, "geometry": { "type": "MultiPolygon", "coordinates": [ [ [ [ 480000.995941946690436, 6099999.558937011286616 ], [ 480001.188047443109099, 6110003.841054300777614 ], [ 489997.468509243917651, 6110003.541500319726765 ], [ 490000.559921035543084, 6099999.363370988518 ], [ 480000.995941946690436, 6099999.558937011286616 ] ] ] ] } },
{ "type": "Feature", "properties": { "cellId": "10km_610_49", "Nedboer": null, "Nedbeor": null }, "geometry": { "type": "MultiPolygon", "coordinates": [ [ [ [ 490000.559921035543084, 6099999.363370988518 ], [ 489997.468509243917651, 6110003.541500319726765 ], [ 500000.0, 6110003.43218609970063 ], [ 500000.0, 6099999.298266772180796 ], [ 490000.559921035543084, 6099999.363370988518 ] ] ] ] } },
{ "type": "Feature", "properties": { "cellId": "10km_610_50", "Nedboer": null, "Nedbeor": null }, "geometry": { "type": "MultiPolygon", "coordinates": [ [ [ [ 500000.0, 6099999.298266772180796 ], [ 500000.0, 6110003.43218609970063 ], [ 510002.531490756082349, 6110003.541500319726765 ], [ 509999.440078964456916, 6099999.363370988518 ], [ 500000.0, 6099999.298266772180796 ] ] ] ] } },
{ "type": "Feature", "properties": { "cellId": "10km_610_51", "Nedboer": null, "Nedbeor": null }, "geometry": { "type": "MultiPolygon", "coordinates": [ [ [ [ 509999.440078964456916, 6099999.363370988518 ], [ 510002.531490756082349, 6110003.541500319726765 ], [ 519998.811952556890901, 6110003.841054300777614 ], [ 519999.004058053425979, 6099999.558937011286616 ], [ 509999.440078964456916, 6099999.363370988518 ] ] ] ] } },
{ "type": "Feature", "properties": { "cellId": "10km_610_52", "Nedboer": null, "Nedbeor": null }, "geometry": { "type": "MultiPolygon", "coordinates": [ [ [ [ 519999.004058053425979, 6099999.558937011286616 ], [ 519998.811952556890901, 6110003.841054300777614 ], [ 530001.715669935685582, 6110004.374578988179564 ], [ 529998.815837498405017, 6099999.885724963620305 ], [ 519999.004058053425979, 6099999.558937011286616 ] ] ] ] } },
{ "type": "Feature", "properties": { "cellId": "10km_610_53", "Nedboer": null, "Nedbeor": null }, "geometry": { "type": "MultiPolygon", "coordinates": [ [ [ [ 529998.815837498405017, 6099999.885724963620305 ], [ 530001.715669935685582, 6110004.374578988179564 ], [ 539998.616427871165797, 6110005.071747005917132 ], [ 539998.999317746493034, 6100000.345001720823348 ], [ 529998.815837498405017, 6099999.885724963620305 ] ] ] ] } },
{ "type": "Feature", "properties": { "cellId": "10km_610_54", "Nedboer": null, "Nedbeor": null }, "geometry": { "type": "MultiPolygon", "coordinates": [ [ [ [ 539998.999317746493034, 6100000.345001720823348 ], [ 539998.616427871165797, 6110005.071747005917132 ], [ 550002.513653439702466, 6109994.906807203777134 ], [ 549999.678399568540044, 6100000.938540899194777 ], [ 539998.999317746493034, 6100000.345001720823348 ] ] ] ] } },
{ "type": "Feature", "properties": { "cellId": "10km_610_55", "Nedboer": null, "Nedbeor": null }, "geometry": { "type": "MultiPolygon", "coordinates": [ [ [ [ 549999.678399568540044, 6100000.938540899194777 ], [ 550002.513653439702466, 6109994.906807203777134 ], [ 560000.555928306654096, 6109996.008902677334845 ], [ 560000.976984167355113, 6100001.668622864410281 ], [ 549999.678399568540044, 6100000.938540899194777 ] ] ] ] } },
{ "type": "Feature", "properties": { "cellId": "10km_610_56", "Nedboer": null, "Nedbeor": null }, "geometry": { "type": "MultiPolygon", "coordinates": [ [ [ [ 560000.976984167355113, 6100001.668622864410281 ], [ 560000.555928306654096, 6109996.008902677334845 ], [ 569999.342505880398676, 6109997.310210478492081 ], [ 570003.01897328835912, 6100002.538034723140299 ], [ 560000.976984167355113, 6100001.668622864410281 ] ] ] ] } },
{ "type": "Feature", "properties": { "cellId": "10km_610_57", "Nedboer": null, "Nedbeor": null }, "geometry": { "type": "MultiPolygon", "coordinates": [ [ [ [ 570003.01897328835912, 6100002.538034723140299 ], [ 569999.342505880398676, 6109997.310210478492081 ], [ 579998.997430327231996, 6109998.814050015062094 ], [ 579999.538368057110347, 6100003.435622752644122 ], [ 570003.01897328835912, 6100002.538034723140299 ] ] ] ] } },
{ "type": "Feature", "properties": { "cellId": "10km_610_58", "Nedboer": null, "Nedbeor": null }, "geometry": { "type": "MultiPolygon", "coordinates": [ [ [ [ 579999.538368057110347, 6100003.435622752644122 ], [ 579998.997430327231996, 6109998.814050015062094 ], [ 589999.644746463978663, 6110000.524251269176602 ], [ 589997.048709380091168, 6100004.451020328328013 ], [ 579999.538368057110347, 6100003.435622752644122 ] ] ] ] } },
{ "type": "Feature", "properties": { "cellId": "10km_610_59", "Nedboer": null, "Nedbeor": null }, "geometry": { "type": "MultiPolygon", "coordinates": [ [ [ [ 589997.048709380091168, 6100004.451020328328013 ], [ 589999.644746463978663, 6110000.524251269176602 ], [ 600001.408499857410789, 6110002.445154782384634 ], [ 600002.313129746122286, 6099994.605038572102785 ], [ 589997.048709380091168, 6100004.451020328328013 ] ] ] ] } },
{ "type": "Feature", "properties": { "cellId": "10km_610_60", "Nedboer": null, "Nedbeor": null }, "geometry": { "type": "MultiPolygon", "coordinates": [ [ [ [ 600002.313129746122286, 6099994.605038572102785 ], [ 600001.408499857410789, 6110002.445154782384634 ], [ 609998.036705193342641, 6110004.424073837697506 ], [ 610002.201997174881399, 6099995.884074832312763 ], [ 600002.313129746122286, 6099994.605038572102785 ] ] ] ] } },
{ "type": "Feature", "properties": { "cellId": "10km_610_61", "Nedboer": null, "Nedbeor": null }, "geometry": { "type": "MultiPolygon", "coordinates": [ [ [ [ 610002.201997174881399, 6099995.884074832312763 ], [ 609998.036705193342641, 6110004.424073837697506 ], [ 620002.70518509100657, 6109995.641065690666437 ], [ 619997.062864734791219, 6099997.123702542856336 ], [ 610002.201997174881399, 6099995.884074832312763 ] ] ] ] } },
{ "type": "Feature", "properties": { "cellId": "10km_610_62", "Nedboer": null, "Nedbeor": null }, "geometry": { "type": "MultiPolygon", "coordinates": [ [ [ [ 619997.062864734791219, 6099997.123702542856336 ], [ 620002.70518509100657, 6109995.641065690666437 ], [ 630002.210911959875375, 6109998.025066984817386 ], [ 629999.800474526244216, 6099998.658772064372897 ], [ 619997.062864734791219, 6099997.123702542856336 ] ] ] ] } },
{ "type": "Feature", "properties": { "cellId": "10km_610_65", "Nedboer": null, "Nedbeor": null }, "geometry": { "type": "MultiPolygon", "coordinates": [ [ [ [ 649997.447961428202689, 6100001.73975261580199 ], [ 649999.806119145243429, 6110003.19872590713203 ], [ 659998.542876851861365, 6109994.849586448632181 ], [ 659998.996011902112514, 6100003.471484176814556 ], [ 649997.447961428202689, 6100001.73975261580199 ] ] ] ] } },
{ "type": "Feature", "properties": { "cellId": "10km_610_66", "Nedboer": null, "Nedbeor": null }, "geometry": { "type": "MultiPolygon", "coordinates": [ [ [ [ 659998.996011902112514, 6100003.471484176814556 ], [ 659998.542876851861365, 6109994.849586448632181 ], [ 669998.888540768646635, 6109997.823399467393756 ], [ 670002.525360399507917, 6100005.340984306298196 ], [ 659998.996011902112514, 6100003.471484176814556 ] ] ] ] } },
{ "type": "Feature", "properties": { "cellId": "10km_610_67", "Nedboer": null, "Nedbeor": null }, "geometry": { "type": "MultiPolygon", "coordinates": [ [ [ [ 670002.525360399507917, 6100005.340984306298196 ], [ 669998.888540768646635, 6109997.823399467393756 ], [ 680001.341861566761509, 6110001.003695626743138 ], [ 680002.216048386646435, 6099995.97572975512594 ], [ 670002.525360399507917, 6100005.340984306298196 ] ] ] ] } },
{ "type": "Feature", "properties": { "cellId": "10km_610_68", "Nedboer": null, "Nedbeor": null }, "geometry": { "type": "MultiPolygon", "coordinates": [ [ [ [ 680002.216048386646435, 6099995.97572975512594 ], [ 680001.341861566761509, 6110001.003695626743138 ], [ 689999.648893991601653, 6110004.127246863208711 ], [ 689997.319577885908075, 6099997.588807042688131 ], [ 680002.216048386646435, 6099995.97572975512594 ] ] ] ] } },
{ "type": "Feature", "properties": { "cellId": "10km_610_69", "Nedboer": null, "Nedbeor": null }, "geometry": { "type": "MultiPolygon", "coordinates": [ [ [ [ 689997.319577885908075, 6099997.588807042688131 ], [ 689999.648893991601653, 6110004.127246863208711 ], [ 700000.810447618365288, 6109996.324616758152843 ], [ 700001.16719247715082, 6099999.595079415477812 ], [ 689997.319577885908075, 6099997.588807042688131 ] ] ] ] } },
{ "type": "Feature", "properties": { "cellId": "10km_610_70", "Nedboer": null, "Nedbeor": null }, "geometry": { "type": "MultiPolygon", "coordinates": [ [ [ [ 700001.16719247715082, 6099999.595079415477812 ], [ 700000.810447618365288, 6109996.324616758152843 ], [ 709997.597774579306133, 6109999.550181060098112 ], [ 710001.097862621303648, 6100001.446393771097064 ], [ 700001.16719247715082, 6099999.595079415477812 ] ] ] ] } },
{ "type": "Feature", "properties": { "cellId": "10km_610_71", "Nedboer": null, "Nedbeor": null }, "geometry": { "type": "MultiPolygon", "coordinates": [ [ [ [ 710001.097862621303648, 6100001.446393771097064 ], [ 709997.597774579306133, 6109999.550181060098112 ], [ 719996.987272914033383, 6110002.963594417087734 ], [ 719997.234369409154169, 6100003.110141857527196 ], [ 710001.097862621303648, 6100001.446393771097064 ] ] ] ] } },
{ "type": "Feature", "properties": { "cellId": "10km_610_72", "Nedboer": null, "Nedbeor": null }, "geometry": { "type": "MultiPolygon", "coordinates": [ [ [ [ 719997.234369409154169, 6100003.110141857527196 ], [ 719996.987272914033383, 6110002.963594417087734 ], [ 729999.677126453141682, 6109995.455315109342337 ], [ 730002.486493760836311, 6100005.212385057471693 ], [ 719997.234369409154169, 6100003.110141857527196 ] ] ] ] } },
{ "type": "Feature", "properties": { "cellId": "10km_611_46", "Nedboer": null, "Nedbeor": null }, "geometry": { "type": "MultiPolygon", "coordinates": [ [ [ [ 460001.383572128775995, 6110005.071747005917132 ], [ 460002.166894667199813, 6119998.817109322175384 ], [ 470002.059973325754981, 6119997.839785073883832 ], [ 469998.284330064314418, 6110004.374578988179564 ], [ 460001.383572128775995, 6110005.071747005917132 ] ] ] ] } },
{ "type": "Feature", "properties": { "cellId": "10km_611_47", "Nedboer": null, "Nedbeor": null }, "geometry": { "type": "MultiPolygon", "coordinates": [ [ [ [ 469998.284330064314418, 6110004.374578988179564 ], [ 470002.059973325754981, 6119997.839785073883832 ], [ 480001.580364202265628, 6119997.142984537407756 ], [ 480001.188047443109099, 6110003.841054300777614 ], [ 469998.284330064314418, 6110004.374578988179564 ] ] ] ] } },
{ "type": "Feature", "properties": { "cellId": "10km_611_48", "Nedboer": null, "Nedbeor": null }, "geometry": { "type": "MultiPolygon", "coordinates": [ [ [ [ 480001.188047443109099, 6110003.841054300777614 ], [ 480001.580364202265628, 6119997.142984537407756 ], [ 490000.852296681609005, 6119996.7254194971174 ], [ 489997.468509243917651, 6110003.541500319726765 ], [ 480001.188047443109099, 6110003.841054300777614 ] ] ] ] } },
{ "type": "Feature", "properties": { "cellId": "10km_611_49", "Nedboer": null, "Nedbeor": null }, "geometry": { "type": "MultiPolygon", "coordinates": [ [ [ [ 489997.468509243917651, 6110003.541500319726765 ], [ 490000.852296681609005, 6119996.7254194971174 ], [ 500000.0, 6119996.586317031644285 ], [ 500000.0, 6110003.43218609970063 ], [ 489997.468509243917651, 6110003.541500319726765 ] ] ] ] } },
{ "type": "Feature", "properties": { "cellId": "10km_611_50", "Nedboer": null, "Nedbeor": null }, "geometry": { "type": "MultiPolygon", "coordinates": [ [ [ [ 500000.0, 6110003.43218609970063 ], [ 500000.0, 6119996.586317031644285 ], [ 509999.147703318390995, 6119996.7254194971174 ], [ 510002.531490756082349, 6110003.541500319726765 ], [ 500000.0, 6110003.43218609970063 ] ] ] ] } },
{ "type": "Feature", "properties": { "cellId": "10km_611_51", "Nedboer": null, "Nedbeor": null }, "geometry": { "type": "MultiPolygon", "coordinates": [ [ [ [ 510002.531490756082349, 6110003.541500319726765 ], [ 509999.147703318390995, 6119996.7254194971174 ], [ 519998.419635797850788, 6119997.142984537407756 ], [ 519998.811952556890901, 6110003.841054300777614 ], [ 510002.531490756082349, 6110003.541500319726765 ] ] ] ] } },
{ "type": "Feature", "properties": { "cellId": "10km_611_52", "Nedboer": null, "Nedbeor": null }, "geometry": { "type": "MultiPolygon", "coordinates": [ [ [ [ 519998.811952556890901, 6110003.841054300777614 ], [ 519998.419635797850788, 6119997.142984537407756 ], [ 529997.940026674303226, 6119997.839785073883832 ], [ 530001.715669935685582, 6110004.374578988179564 ], [ 519998.811952556890901, 6110003.841054300777614 ] ] ] ] } },
{ "type": "Feature", "properties": { "cellId": "10km_611_53", "Nedboer": null, "Nedbeor": null }, "geometry": { "type": "MultiPolygon", "coordinates": [ [ [ [ 530001.715669935685582, 6110004.374578988179564 ], [ 529997.940026674303226, 6119997.839785073883832 ], [ 539997.833105332800187, 6119998.817109322175384 ], [ 539998.616427871165797, 6110005.071747005917132 ], [ 530001.715669935685582, 6110004.374578988179564 ] ] ] ] } },
{ "type": "Feature", "properties": { "cellId": "10km_611_54", "Nedboer": null, "Nedbeor": null }, "geometry": { "type": "MultiPolygon", "coordinates": [ [ [ [ 539998.616427871165797, 6110005.071747005917132 ], [ 539997.833105332800187, 6119998.817109322175384 ], [ 549998.22310138377361, 6120000.076760769821703 ], [ 550002.513653439702466, 6109994.906807203777134 ], [ 539998.616427871165797, 6110005.071747005917132 ] ] ] ] } },
{ "type": "Feature", "properties": { "cellId": "10km_611_56", "Nedboer": null, "Nedbeor": null }, "geometry": { "type": "MultiPolygon", "coordinates": [ [ [ [ 560000.555928306654096, 6109996.008902677334845 ], [ 559999.234244738705456, 6120001.621058191172779 ], [ 570000.990765687194653, 6120003.452835638076067 ], [ 569999.342505880398676, 6109997.310210478492081 ], [ 560000.555928306654096, 6109996.008902677334845 ] ] ] ] } },
{ "type": "Feature", "properties": { "cellId": "10km_611_57", "Nedboer": null, "Nedbeor": null }, "geometry": { "type": "MultiPolygon", "coordinates": [ [ [ [ 569999.342505880398676, 6109997.310210478492081 ], [ 570000.990765687194653, 6120003.452835638076067 ], [ 579997.255640379851684, 6120005.460747765377164 ], [ 579998.997430327231996, 6109998.814050015062094 ], [ 569999.342505880398676, 6109997.310210478492081 ] ] ] ] } },
{ "type": "Feature", "properties": { "cellId": "10km_611_58", "Nedboer": null, "Nedbeor": null }, "geometry": { "type": "MultiPolygon", "coordinates": [ [ [ [ 579998.997430327231996, 6109998.814050015062094 ], [ 579997.255640379851684, 6120005.460747765377164 ], [ 590001.101180025027134, 6119996.736586700193584 ], [ 589999.644746463978663, 6110000.524251269176602 ], [ 579998.997430327231996, 6109998.814050015062094 ] ] ] ] } },
{ "type": "Feature", "properties": { "cellId": "10km_611_59", "Nedboer": null, "Nedbeor": null }, "geometry": { "type": "MultiPolygon", "coordinates": [ [ [ [ 589999.644746463978663, 6110000.524251269176602 ], [ 590001.101180025027134, 6119996.736586700193584 ], [ 599999.502610907307826, 6119999.295523807406425 ], [ 600001.408499857410789, 6110002.445154782384634 ], [ 589999.644746463978663, 6110000.524251269176602 ] ] ] ] } },
{ "type": "Feature", "properties": { "cellId": "10km_611_60", "Nedboer": null, "Nedbeor": null }, "geometry": { "type": "MultiPolygon", "coordinates": [ [ [ [ 600001.408499857410789, 6110002.445154782384634 ], [ 599999.502610907307826, 6119999.295523807406425 ], [ 609999.146011071745306, 6120002.129772381857038 ], [ 609998.036705193342641, 6110004.424073837697506 ], [ 600001.408499857410789, 6110002.445154782384634 ] ] ] ] } },
{ "type": "Feature", "properties": { "cellId": "10km_611_61", "Nedboer": null, "Nedbeor": null }, "geometry": { "type": "MultiPolygon", "coordinates": [ [ [ [ 609998.036705193342641, 6110004.424073837697506 ], [ 609999.146011071745306, 6120002.129772381857038 ], [ 620000.155568229500204, 6120005.244735503569245 ], [ 620002.70518509100657, 6109995.641065690666437 ], [ 609998.036705193342641, 6110004.424073837697506 ] ] ] ] } },
{ "type": "Feature", "properties": { "cellId": "10km_611_62", "Nedboer": null, "Nedbeor": null }, "geometry": { "type": "MultiPolygon", "coordinates": [ [ [ [ 620002.70518509100657, 6109995.641065690666437 ], [ 620000.155568229500204, 6120005.244735503569245 ], [ 630002.981424266123213, 6119997.520511050708592 ], [ 630002.210911959875375, 6109998.025066984817386 ], [ 620002.70518509100657, 6109995.641065690666437 ] ] ] ] } },
{ "type": "Feature", "properties": { "cellId": "10km_611_63", "Nedboer": null, "Nedbeor": null }, "geometry": { "type": "MultiPolygon", "coordinates": [ [ [ [ 630002.210911959875375, 6109998.025066984817386 ], [ 630002.981424266123213, 6119997.520511050708592 ], [ 640000.758633979829028, 6120001.014837403781712 ], [ 639996.952213239856064, 6110000.413097395561635 ], [ 630002.210911959875375, 6109998.025066984817386 ] ] ] ] } },
{ "type": "Feature", "properties": { "cellId": "10km_611_65", "Nedboer": null, "Nedbeor": null }, "geometry": { "type": "MultiPolygon", "coordinates": [ [ [ [ 649999.806119145243429, 6110003.19872590713203 ], [ 650000.274127583717927, 6120004.780515169724822 ], [ 660002.053145685000345, 6119997.700458316132426 ], [ 659998.542876851861365, 6109994.849586448632181 ], [ 649999.806119145243429, 6110003.19872590713203 ] ] ] ] } },
{ "type": "Feature", "properties": { "cellId": "10km_611_66", "Nedboer": null, "Nedbeor": null }, "geometry": { "type": "MultiPolygon", "coordinates": [ [ [ [ 659998.542876851861365, 6109994.849586448632181 ], [ 660002.053145685000345, 6119997.700458316132426 ], [ 669999.079677189118229, 6120001.788440782576799 ], [ 669998.888540768646635, 6109997.823399467393756 ], [ 659998.542876851861365, 6109994.849586448632181 ] ] ] ] } },
{ "type": "Feature", "properties": { "cellId": "10km_611_67", "Nedboer": null, "Nedbeor": null }, "geometry": { "type": "MultiPolygon", "coordinates": [ [ [ [ 669998.888540768646635, 6109997.823399467393756 ], [ 669999.079677189118229, 6120001.788440782576799 ], [ 679998.667556973639876, 6119995.019470917060971 ], [ 680001.341861566761509, 6110001.003695626743138 ], [ 669998.888540768646635, 6109997.823399467393756 ] ] ] ] } },
{ "type": "Feature", "properties": { "cellId": "10km_611_68", "Nedboer": null, "Nedbeor": null }, "geometry": { "type": "MultiPolygon", "coordinates": [ [ [ [ 680001.341861566761509, 6110001.003695626743138 ], [ 679998.667556973639876, 6119995.019470917060971 ], [ 690000.063607676769607, 6119999.650144635699689 ], [ 689999.648893991601653, 6110004.127246863208711 ], [ 680001.341861566761509, 6110001.003695626743138 ] ] ] ] } },
{ "type": "Feature", "properties": { "cellId": "10km_611_69", "Nedboer": null, "Nedbeor": null }, "geometry": { "type": "MultiPolygon", "coordinates": [ [ [ [ 689999.648893991601653, 6110004.127246863208711 ], [ 690000.063607676769607, 6119999.650144635699689 ], [ 699997.454181147622876, 6120004.279127644374967 ], [ 700000.810447618365288, 6109996.324616758152843 ], [ 689999.648893991601653, 6110004.127246863208711 ] ] ] ] } },
{ "type": "Feature", "properties": { "cellId": "10km_611_70", "Nedboer": null, "Nedbeor": null }, "geometry": { "type": "MultiPolygon", "coordinates": [ [ [ [ 700000.810447618365288, 6109996.324616758152843 ], [ 699997.454181147622876, 6120004.279127644374967 ], [ 709997.852854755241424, 6119998.052688091993332 ], [ 709997.597774579306133, 6109999.550181060098112 ], [ 700000.810447618365288, 6109996.324616758152843 ] ] ] ] } },
{ "type": "Feature", "properties": { "cellId": "10km_611_86", "Nedboer": null, "Nedbeor": null }, "geometry": { "type": "MultiPolygon", "coordinates": [ [ [ [ 860003.505841064499691, 6109995.129433416761458 ], [ 860002.567558456910774, 6120003.058726572431624 ], [ 870002.77341491531115, 6119997.249513313174248 ], [ 869999.418225420056842, 6109997.438010915182531 ], [ 860003.505841064499691, 6109995.129433416761458 ] ] ] ] } },
{ "type": "Feature", "properties": { "cellId": "10km_611_87", "Nedboer": null, "Nedbeor": null }, "geometry": { "type": "MultiPolygon", "coordinates": [ [ [ [ 869999.418225420056842, 6109997.438010915182531 ], [ 870002.77341491531115, 6119997.249513313174248 ], [ 880000.286808533826843, 6120002.259512036107481 ], [ 879999.903975470573641, 6109999.910691567696631 ], [ 869999.418225420056842, 6109997.438010915182531 ] ] ] ] } },
{ "type": "Feature", "properties": { "cellId": "10km_611_88", "Nedboer": null, "Nedbeor": null }, "geometry": { "type": "MultiPolygon", "coordinates": [ [ [ [ 879999.903975470573641, 6109999.910691567696631 ], [ 880000.286808533826843, 6120002.259512036107481 ], [ 890003.477789528318681, 6119996.40862150862813 ], [ 889998.699619015678763, 6110002.007409978657961 ], [ 879999.903975470573641, 6109999.910691567696631 ] ] ] ] } },
{ "type": "Feature", "properties": { "cellId": "10km_611_89", "Nedboer": null, "Nedbeor": null }, "geometry": { "type": "MultiPolygon", "coordinates": [ [ [ [ 889998.699619015678763, 6110002.007409978657961 ], [ 890003.477789528318681, 6119996.40862150862813 ], [ 899997.798283744370565, 6120000.781937589868903 ], [ 900002.314442254253663, 6110004.277607666328549 ], [ 889998.699619015678763, 6110002.007409978657961 ] ] ] ] } },
{ "type": "Feature", "properties": { "cellId": "10km_612_47", "Nedboer": null, "Nedbeor": null }, "geometry": { "type": "MultiPolygon", "coordinates": [ [ [ [ 470002.059973325754981, 6119997.839785073883832 ], [ 469999.925677595194429, 6130002.623332742601633 ], [ 480002.273266456788406, 6130001.720902102999389 ], [ 480001.580364202265628, 6119997.142984537407756 ], [ 470002.059973325754981, 6119997.839785073883832 ] ] ] ] } },
{ "type": "Feature", "properties": { "cellId": "10km_612_48", "Nedboer": null, "Nedbeor": null }, "geometry": { "type": "MultiPolygon", "coordinates": [ [ [ [ 480001.580364202265628, 6119997.142984537407756 ], [ 480002.273266456788406, 6130001.720902102999389 ], [ 489998.025616716069635, 6130001.200055713765323 ], [ 490000.852296681609005, 6119996.7254194971174 ], [ 480001.580364202265628, 6119997.142984537407756 ] ] ] ] } },
{ "type": "Feature", "properties": { "cellId": "10km_612_49", "Nedboer": null, "Nedbeor": null }, "geometry": { "type": "MultiPolygon", "coordinates": [ [ [ [ 490000.852296681609005, 6119996.7254194971174 ], [ 489998.025616716069635, 6130001.200055713765323 ], [ 500000.0, 6130001.016958495602012 ], [ 500000.0, 6119996.586317031644285 ], [ 490000.852296681609005, 6119996.7254194971174 ] ] ] ] } },
{ "type": "Feature", "properties": { "cellId": "10km_612_50", "Nedboer": null, "Nedbeor": null }, "geometry": { "type": "MultiPolygon", "coordinates": [ [ [ [ 500000.0, 6119996.586317031644285 ], [ 500000.0, 6130001.016958495602012 ], [ 510001.974383283930365, 6130001.200055713765323 ], [ 509999.147703318390995, 6119996.7254194971174 ], [ 500000.0, 6119996.586317031644285 ] ] ] ] } },
{ "type": "Feature", "properties": { "cellId": "10km_612_51", "Nedboer": null, "Nedbeor": null }, "geometry": { "type": "MultiPolygon", "coordinates": [ [ [ [ 509999.147703318390995, 6119996.7254194971174 ], [ 510001.974383283930365, 6130001.200055713765323 ], [ 519997.726733543211594, 6130001.720902102999389 ], [ 519998.419635797850788, 6119997.142984537407756 ], [ 509999.147703318390995, 6119996.7254194971174 ] ] ] ] } },
{ "type": "Feature", "properties": { "cellId": "10km_612_52", "Nedboer": null, "Nedbeor": null }, "geometry": { "type": "MultiPolygon", "coordinates": [ [ [ [ 519998.419635797850788, 6119997.142984537407756 ], [ 519997.726733543211594, 6130001.720902102999389 ], [ 530000.074322404805571, 6130002.623332742601633 ], [ 529997.940026674303226, 6119997.839785073883832 ], [ 519998.419635797850788, 6119997.142984537407756 ] ] ] ] } },
{ "type": "Feature", "properties": { "cellId": "10km_612_53", "Nedboer": null, "Nedbeor": null }, "geometry": { "type": "MultiPolygon", "coordinates": [ [ [ [ 529997.940026674303226, 6119997.839785073883832 ], [ 530000.074322404805571, 6130002.623332742601633 ], [ 540002.795139608904719, 6130003.894297164864838 ], [ 539997.833105332800187, 6119998.817109322175384 ], [ 529997.940026674303226, 6119997.839785073883832 ] ] ] ] } },
{ "type": "Feature", "properties": { "cellId": "10km_612_54", "Nedboer": null, "Nedbeor": null }, "geometry": { "type": "MultiPolygon", "coordinates": [ [ [ [ 539997.833105332800187, 6119998.817109322175384 ], [ 540002.795139608904719, 6130003.894297164864838 ], [ 549999.666994311264716, 6130005.463850474916399 ], [ 549998.22310138377361, 6120000.076760769821703 ], [ 539997.833105332800187, 6119998.817109322175384 ] ] ] ] } },
{ "type": "Feature", "properties": { "cellId": "10km_612_55", "Nedboer": null, "Nedbeor": null }, "geometry": { "type": "MultiPolygon", "coordinates": [ [ [ [ 549998.22310138377361, 6120000.076760769821703 ], [ 549999.666994311264716, 6130005.463850474916399 ], [ 559997.311720218276605, 6129996.249448016285896 ], [ 559999.234244738705456, 6120001.621058191172779 ], [ 549998.22310138377361, 6120000.076760769821703 ] ] ] ] } },
{ "type": "Feature", "properties": { "cellId": "10km_612_56", "Nedboer": null, "Nedbeor": null }, "geometry": { "type": "MultiPolygon", "coordinates": [ [ [ [ 559999.234244738705456, 6120001.621058191172779 ], [ 559997.311720218276605, 6129996.249448016285896 ], [ 570001.923687158036046, 6129998.610488477163017 ], [ 570000.990765687194653, 6120003.452835638076067 ], [ 559999.234244738705456, 6120001.621058191172779 ] ] ] ] } },
{ "type": "Feature", "properties": { "cellId": "10km_612_57", "Nedboer": null, "Nedbeor": null }, "geometry": { "type": "MultiPolygon", "coordinates": [ [ [ [ 570000.990765687194653, 6120003.452835638076067 ], [ 570001.923687158036046, 6129998.610488477163017 ], [ 580001.059597502928227, 6130001.2356638899073 ], [ 579997.255640379851684, 6120005.460747765377164 ], [ 570000.990765687194653, 6120003.452835638076067 ] ] ] ] } },
{ "type": "Feature", "properties": { "cellId": "10km_612_58", "Nedboer": null, "Nedbeor": null }, "geometry": { "type": "MultiPolygon", "coordinates": [ [ [ [ 579997.255640379851684, 6120005.460747765377164 ], [ 580001.059597502928227, 6130001.2356638899073 ], [ 590001.190526533871889, 6130004.214982309378684 ], [ 590001.101180025027134, 6119996.736586700193584 ], [ 579997.255640379851684, 6120005.460747765377164 ] ] ] ] } },
{ "type": "Feature", "properties": { "cellId": "10km_612_59", "Nedboer": null, "Nedbeor": null }, "geometry": { "type": "MultiPolygon", "coordinates": [ [ [ [ 590001.101180025027134, 6119996.736586700193584 ], [ 590001.190526533871889, 6130004.214982309378684 ], [ 600002.692460306687281, 6129996.425873195752501 ], [ 599999.502610907307826, 6119999.295523807406425 ], [ 590001.101180025027134, 6119996.736586700193584 ] ] ] ] } },
{ "type": "Feature", "properties": { "cellId": "10km_612_60", "Nedboer": null, "Nedbeor": null }, "geometry": { "type": "MultiPolygon", "coordinates": [ [ [ [ 599999.502610907307826, 6119999.295523807406425 ], [ 600002.692460306687281, 6129996.425873195752501 ], [ 609998.86433502426371, 6129999.969668911769986 ], [ 609999.146011071745306, 6120002.129772381857038 ], [ 599999.502610907307826, 6119999.295523807406425 ] ] ] ] } },
{ "type": "Feature", "properties": { "cellId": "10km_612_61", "Nedboer": null, "Nedbeor": null }, "geometry": { "type": "MultiPolygon", "coordinates": [ [ [ [ 609999.146011071745306, 6120002.129772381857038 ], [ 609998.86433502426371, 6129999.969668911769986 ], [ 620002.751531765563414, 6130004.0259576626122 ], [ 620000.155568229500204, 6120005.244735503569245 ], [ 609999.146011071745306, 6120002.129772381857038 ] ] ] ] } },
{ "type": "Feature", "properties": { "cellId": "10km_612_63", "Nedboer": null, "Nedbeor": null }, "geometry": { "type": "MultiPolygon", "coordinates": [ [ [ [ 630002.981424266123213, 6119997.520511050708592 ], [ 630002.110544846393168, 6129997.144637118093669 ], [ 640002.784108717809431, 6130001.742379147559404 ], [ 640000.758633979829028, 6120001.014837403781712 ], [ 630002.981424266123213, 6119997.520511050708592 ] ] ] ] } },
{ "type": "Feature", "properties": { "cellId": "10km_612_64", "Nedboer": null, "Nedbeor": null }, "geometry": { "type": "MultiPolygon", "coordinates": [ [ [ [ 640000.758633979829028, 6120001.014837403781712 ], [ 640002.784108717809431, 6130001.742379147559404 ], [ 649999.22760743193794, 6129995.359439142048359 ], [ 650000.274127583717927, 6120004.780515169724822 ], [ 640000.758633979829028, 6120001.014837403781712 ] ] ] ] } },
{ "type": "Feature", "properties": { "cellId": "10km_612_65", "Nedboer": null, "Nedbeor": null }, "geometry": { "type": "MultiPolygon", "coordinates": [ [ [ [ 650000.274127583717927, 6120004.780515169724822 ], [ 649999.22760743193794, 6129995.359439142048359 ], [ 659997.183571552392095, 6130000.440616048872471 ], [ 660002.053145685000345, 6119997.700458316132426 ], [ 650000.274127583717927, 6120004.780515169724822 ] ] ] ] } },
{ "type": "Feature", "properties": { "cellId": "10km_612_66", "Nedboer": null, "Nedbeor": null }, "geometry": { "type": "MultiPolygon", "coordinates": [ [ [ [ 660002.053145685000345, 6119997.700458316132426 ], [ 659997.183571552392095, 6130000.440616048872471 ], [ 669997.556025345460512, 6129994.744225857779384 ], [ 669999.079677189118229, 6120001.788440782576799 ], [ 660002.053145685000345, 6119997.700458316132426 ] ] ] ] } },
{ "type": "Feature", "properties": { "cellId": "10km_612_67", "Nedboer": null, "Nedbeor": null }, "geometry": { "type": "MultiPolygon", "coordinates": [ [ [ [ 669999.079677189118229, 6120001.788440782576799 ], [ 669997.556025345460512, 6129994.744225857779384 ], [ 679999.639272780157626, 6130000.527655660174787 ], [ 679998.667556973639876, 6119995.019470917060971 ], [ 669999.079677189118229, 6120001.788440782576799 ] ] ] ] } },
{ "type": "Feature", "properties": { "cellId": "10km_612_68", "Nedboer": null, "Nedbeor": null }, "geometry": { "type": "MultiPolygon", "coordinates": [ [ [ [ 679998.667556973639876, 6119995.019470917060971 ], [ 679999.639272780157626, 6130000.527655660174787 ], [ 689998.088592524174601, 6129995.279495622031391 ], [ 690000.063607676769607, 6119999.650144635699689 ], [ 679998.667556973639876, 6119995.019470917060971 ] ] ] ] } },
{ "type": "Feature", "properties": { "cellId": "10km_612_69", "Nedboer": null, "Nedbeor": null }, "geometry": { "type": "MultiPolygon", "coordinates": [ [ [ [ 690000.063607676769607, 6119999.650144635699689 ], [ 689998.088592524174601, 6129995.279495622031391 ], [ 699998.446449717506766, 6130001.50008128490299 ], [ 699997.454181147622876, 6120004.279127644374967 ], [ 690000.063607676769607, 6119999.650144635699689 ] ] ] ] } },
{ "type": "Feature", "properties": { "cellId": "10km_612_70", "Nedboer": null, "Nedbeor": null }, "geometry": { "type": "MultiPolygon", "coordinates": [ [ [ [ 699997.454181147622876, 6120004.279127644374967 ], [ 699998.446449717506766, 6130001.50008128490299 ], [ 710001.817757847253233, 6129996.953959133476019 ], [ 709997.852854755241424, 6119998.052688091993332 ], [ 699997.454181147622876, 6120004.279127644374967 ] ] ] ] } },
{ "type": "Feature", "properties": { "cellId": "10km_612_71", "Nedboer": null, "Nedbeor": null }, "geometry": { "type": "MultiPolygon", "coordinates": [ [ [ [ 709997.852854755241424, 6119998.052688091993332 ], [ 710001.817757847253233, 6129996.953959133476019 ], [ 720000.945700345328078, 6130003.580348778516054 ], [ 720000.356273596640676, 6120003.22559330612421 ], [ 709997.852854755241424, 6119998.052688091993332 ] ] ] ] } },
{ "type": "Feature", "properties": { "cellId": "10km_612_86", "Nedboer": null, "Nedbeor": null }, "geometry": { "type": "MultiPolygon", "coordinates": [ [ [ [ 860002.567558456910774, 6120003.058726572431624 ], [ 859998.038611521245912, 6129999.878990254364908 ], [ 870001.501005878788419, 6129997.053857720457017 ], [ 870002.77341491531115, 6119997.249513313174248 ], [ 860002.567558456910774, 6120003.058726572431624 ] ] ] ] } },
{ "type": "Feature", "properties": { "cellId": "10km_612_87", "Nedboer": null, "Nedbeor": null }, "geometry": { "type": "MultiPolygon", "coordinates": [ [ [ [ 870002.77341491531115, 6119997.249513313174248 ], [ 870001.501005878788419, 6129997.053857720457017 ], [ 880002.288923143874854, 6130005.13795683439821 ], [ 880000.286808533826843, 6120002.259512036107481 ], [ 870002.77341491531115, 6119997.249513313174248 ] ] ] ] } },
{ "type": "Feature", "properties": { "cellId": "10km_612_88", "Nedboer": null, "Nedbeor": null }, "geometry": { "type": "MultiPolygon", "coordinates": [ [ [ [ 880000.286808533826843, 6120002.259512036107481 ], [ 880002.288923143874854, 6130005.13795683439821 ], [ 890002.406234988942742, 6130001.892028659582138 ], [ 890003.477789528318681, 6119996.40862150862813 ], [ 880000.286808533826843, 6120002.259512036107481 ] ] ] ] } },
{ "type": "Feature", "properties": { "cellId": "10km_612_89", "Nedboer": null, "Nedbeor": null }, "geometry": { "type": "MultiPolygon", "coordinates": [ [ [ [ 890003.477789528318681, 6119996.40862150862813 ], [ 890002.406234988942742, 6130001.892028659582138 ], [ 900001.046497434028424, 6129998.400818731635809 ], [ 899997.798283744370565, 6120000.781937589868903 ], [ 890003.477789528318681, 6119996.40862150862813 ] ] ] ] } },
{ "type": "Feature", "properties": { "cellId": "10km_613_46", "Nedboer": null, "Nedbeor": null }, "geometry": { "type": "MultiPolygon", "coordinates": [ [ [ [ 459997.204860391095281, 6130003.894297164864838 ], [ 459999.0043680886738, 6139997.932034928351641 ], [ 469998.106217993074097, 6139996.425544794648886 ], [ 469999.925677595194429, 6130002.623332742601633 ], [ 459997.204860391095281, 6130003.894297164864838 ] ] ] ] } },
{ "type": "Feature", "properties": { "cellId": "10km_613_47", "Nedboer": null, "Nedbeor": null }, "geometry": { "type": "MultiPolygon", "coordinates": [ [ [ [ 469999.925677595194429, 6130002.623332742601633 ], [ 469998.106217993074097, 6139996.425544794648886 ], [ 479996.834393265249673, 6139995.346686006523669 ], [ 480002.273266456788406, 6130001.720902102999389 ], [ 469999.925677595194429, 6130002.623332742601633 ] ] ] ] } },
{ "type": "Feature", "properties": { "cellId": "10km_613_48", "Nedboer": null, "Nedbeor": null }, "geometry": { "type": "MultiPolygon", "coordinates": [ [ [ [ 480002.273266456788406, 6130001.720902102999389 ], [ 479996.834393265249673, 6139995.346686006523669 ], [ 490001.645521619357169, 6139994.679778999648988 ], [ 489998.025616716069635, 6130001.200055713765323 ], [ 480002.273266456788406, 6130001.720902102999389 ] ] ] ] } },
{ "type": "Feature", "properties": { "cellId": "10km_613_49", "Nedboer": null, "Nedbeor": null }, "geometry": { "type": "MultiPolygon", "coordinates": [ [ [ [ 489998.025616716069635, 6130001.200055713765323 ], [ 490001.645521619357169, 6139994.679778999648988 ], [ 500000.0, 6139994.467142331413925 ], [ 500000.0, 6130001.016958495602012 ], [ 489998.025616716069635, 6130001.200055713765323 ] ] ] ] } },
{ "type": "Feature", "properties": { "cellId": "10km_613_50", "Nedboer": null, "Nedbeor": null }, "geometry": { "type": "MultiPolygon", "coordinates": [ [ [ [ 500000.0, 6130001.016958495602012 ], [ 500000.0, 6139994.467142331413925 ], [ 509998.354478380701039, 6139994.679778999648988 ], [ 510001.974383283930365, 6130001.200055713765323 ], [ 500000.0, 6130001.016958495602012 ] ] ] ] } },
{ "type": "Feature", "properties": { "cellId": "10km_613_51", "Nedboer": null, "Nedbeor": null }, "geometry": { "type": "MultiPolygon", "coordinates": [ [ [ [ 510001.974383283930365, 6130001.200055713765323 ], [ 509998.354478380701039, 6139994.679778999648988 ], [ 520003.165606734750327, 6139995.346686006523669 ], [ 519997.726733543211594, 6130001.720902102999389 ], [ 510001.974383283930365, 6130001.200055713765323 ] ] ] ] } },
{ "type": "Feature", "properties": { "cellId": "10km_613_52", "Nedboer": null, "Nedbeor": null }, "geometry": { "type": "MultiPolygon", "coordinates": [ [ [ [ 519997.726733543211594, 6130001.720902102999389 ], [ 520003.165606734750327, 6139995.346686006523669 ], [ 530001.893782006925903, 6139996.425544794648886 ], [ 530000.074322404805571, 6130002.623332742601633 ], [ 519997.726733543211594, 6130001.720902102999389 ] ] ] ] } },
{ "type": "Feature", "properties": { "cellId": "10km_613_53", "Nedboer": null, "Nedbeor": null }, "geometry": { "type": "MultiPolygon", "coordinates": [ [ [ [ 530000.074322404805571, 6130002.623332742601633 ], [ 530001.893782006925903, 6139996.425544794648886 ], [ 540000.9956319113262, 6139997.932034928351641 ], [ 540002.795139608904719, 6130003.894297164864838 ], [ 530000.074322404805571, 6130002.623332742601633 ] ] ] ] } },
{ "type": "Feature", "properties": { "cellId": "10km_613_54", "Nedboer": null, "Nedbeor": null }, "geometry": { "type": "MultiPolygon", "coordinates": [ [ [ [ 540002.795139608904719, 6130003.894297164864838 ], [ 540000.9956319113262, 6139997.932034928351641 ], [ 550000.595709875575267, 6139999.867990119382739 ], [ 549999.666994311264716, 6130005.463850474916399 ], [ 540002.795139608904719, 6130003.894297164864838 ] ] ] ] } },
{ "type": "Feature", "properties": { "cellId": "10km_613_55", "Nedboer": null, "Nedbeor": null }, "geometry": { "type": "MultiPolygon", "coordinates": [ [ [ [ 549999.666994311264716, 6130005.463850474916399 ], [ 550000.595709875575267, 6139999.867990119382739 ], [ 560000.818569492548704, 6140002.235767941921949 ], [ 559997.311720218276605, 6129996.249448016285896 ], [ 549999.666994311264716, 6130005.463850474916399 ] ] ] ] } },
{ "type": "Feature", "properties": { "cellId": "10km_613_56", "Nedboer": null, "Nedbeor": null }, "geometry": { "type": "MultiPolygon", "coordinates": [ [ [ [ 559997.311720218276605, 6129996.249448016285896 ], [ 560000.818569492548704, 6140002.235767941921949 ], [ 570001.788764564087614, 6140005.038249821402133 ], [ 570001.923687158036046, 6129998.610488477163017 ], [ 559997.311720218276605, 6129996.249448016285896 ] ] ] ] } },
{ "type": "Feature", "properties": { "cellId": "10km_613_57", "Nedboer": null, "Nedbeor": null }, "geometry": { "type": "MultiPolygon", "coordinates": [ [ [ [ 570001.923687158036046, 6129998.610488477163017 ], [ 570001.788764564087614, 6140005.038249821402133 ], [ 579997.500278389663436, 6139997.036221781745553 ], [ 580001.059597502928227, 6130001.2356638899073 ], [ 570001.923687158036046, 6129998.610488477163017 ] ] ] ] } },
{ "type": "Feature", "properties": { "cellId": "10km_613_58", "Nedboer": null, "Nedbeor": null }, "geometry": { "type": "MultiPolygon", "coordinates": [ [ [ [ 580001.059597502928227, 6130001.2356638899073 ], [ 579997.500278389663436, 6139997.036221781745553 ], [ 590000.36392658285331, 6140000.704736235551536 ], [ 590001.190526533871889, 6130004.214982309378684 ], [ 580001.059597502928227, 6130001.2356638899073 ] ] ] ] } },
{ "type": "Feature", "properties": { "cellId": "10km_613_59", "Nedboer": null, "Nedbeor": null }, "geometry": { "type": "MultiPolygon", "coordinates": [ [ [ [ 590001.190526533871889, 6130004.214982309378684 ], [ 590000.36392658285331, 6140000.704736235551536 ], [ 599998.015729122795165, 6140004.676087551750243 ], [ 600002.692460306687281, 6129996.425873195752501 ], [ 590001.190526533871889, 6130004.214982309378684 ] ] ] ] } },
{ "type": "Feature", "properties": { "cellId": "10km_613_60", "Nedboer": null, "Nedbeor": null }, "geometry": { "type": "MultiPolygon", "coordinates": [ [ [ [ 600002.692460306687281, 6129996.425873195752501 ], [ 599998.015729122795165, 6140004.676087551750243 ], [ 609997.190437919110991, 6139997.943378648720682 ], [ 609998.86433502426371, 6129999.969668911769986 ], [ 600002.692460306687281, 6129996.425873195752501 ] ] ] ] } },
{ "type": "Feature", "properties": { "cellId": "10km_613_61", "Nedboer": null, "Nedbeor": null }, "geometry": { "type": "MultiPolygon", "coordinates": [ [ [ [ 609998.86433502426371, 6129999.969668911769986 ], [ 609997.190437919110991, 6139997.943378648720682 ], [ 619997.482431893586181, 6140002.766074121929705 ], [ 620002.751531765563414, 6130004.0259576626122 ], [ 609998.86433502426371, 6129999.969668911769986 ] ] ] ] } },
{ "type": "Feature", "properties": { "cellId": "10km_613_63", "Nedboer": null, "Nedbeor": null }, "geometry": { "type": "MultiPolygon", "coordinates": [ [ [ [ 630002.110544846393168, 6129997.144637118093669 ], [ 629999.596814488992095, 6139996.896976009011269 ], [ 640003.027044628164731, 6140002.595201455056667 ], [ 640002.784108717809431, 6130001.742379147559404 ], [ 630002.110544846393168, 6129997.144637118093669 ] ] ] ] } },
{ "type": "Feature", "properties": { "cellId": "10km_613_64", "Nedboer": null, "Nedbeor": null }, "geometry": { "type": "MultiPolygon", "coordinates": [ [ [ [ 640002.784108717809431, 6130001.742379147559404 ], [ 640003.027044628164731, 6140002.595201455056667 ], [ 650002.245336513034999, 6139997.400571922771633 ], [ 649999.22760743193794, 6129995.359439142048359 ], [ 640002.784108717809431, 6130001.742379147559404 ] ] ] ] } },
{ "type": "Feature", "properties": { "cellId": "10km_613_65", "Nedboer": null, "Nedbeor": null }, "geometry": { "type": "MultiPolygon", "coordinates": [ [ [ [ 649999.22760743193794, 6129995.359439142048359 ], [ 650002.245336513034999, 6139997.400571922771633 ], [ 660002.977577701210976, 6140003.758401030674577 ], [ 659997.183571552392095, 6130000.440616048872471 ], [ 649999.22760743193794, 6129995.359439142048359 ] ] ] ] } },
{ "type": "Feature", "properties": { "cellId": "10km_613_66", "Nedboer": null, "Nedbeor": null }, "geometry": { "type": "MultiPolygon", "coordinates": [ [ [ [ 659997.183571552392095, 6130000.440616048872471 ], [ 660002.977577701210976, 6140003.758401030674577 ], [ 669999.796316233463585, 6139999.182559463195503 ], [ 669997.556025345460512, 6129994.744225857779384 ], [ 659997.183571552392095, 6130000.440616048872471 ] ] ] ] } },
{ "type": "Feature", "properties": { "cellId": "10km_613_67", "Nedboer": null, "Nedbeor": null }, "geometry": { "type": "MultiPolygon", "coordinates": [ [ [ [ 669997.556025345460512, 6129994.744225857779384 ], [ 669999.796316233463585, 6139999.182559463195503 ], [ 679998.781186016276479, 6139995.022523834370077 ], [ 679999.639272780157626, 6130000.527655660174787 ], [ 669997.556025345460512, 6129994.744225857779384 ] ] ] ] } },
{ "type": "Feature", "properties": { "cellId": "10km_613_68", "Nedboer": null, "Nedbeor": null }, "geometry": { "type": "MultiPolygon", "coordinates": [ [ [ [ 679999.639272780157626, 6130000.527655660174787 ], [ 679998.781186016276479, 6139995.022523834370077 ], [ 689999.577220161445439, 6140002.410697475075722 ], [ 689998.088592524174601, 6129995.279495622031391 ], [ 679999.639272780157626, 6130000.527655660174787 ] ] ] ] } },
{ "type": "Feature", "properties": { "cellId": "10km_613_69", "Nedboer": null, "Nedbeor": null }, "geometry": { "type": "MultiPolygon", "coordinates": [ [ [ [ 689998.088592524174601, 6129995.279495622031391 ], [ 689999.577220161445439, 6140002.410697475075722 ], [ 699996.907263436936773, 6139998.822468812577426 ], [ 699998.446449717506766, 6130001.50008128490299 ], [ 689998.088592524174601, 6129995.279495622031391 ] ] ] ] } },
{ "type": "Feature", "properties": { "cellId": "10km_613_70", "Nedboer": null, "Nedbeor": null }, "geometry": { "type": "MultiPolygon", "coordinates": [ [ [ [ 699998.446449717506766, 6130001.50008128490299 ], [ 699996.907263436936773, 6139998.822468812577426 ], [ 710003.111563101876527, 6139995.952253927476704 ], [ 710001.817757847253233, 6129996.953959133476019 ], [ 699998.446449717506766, 6130001.50008128490299 ] ] ] ] } },
{ "type": "Feature", "properties": { "cellId": "10km_613_71", "Nedboer": null, "Nedbeor": null }, "geometry": { "type": "MultiPolygon", "coordinates": [ [ [ [ 710001.817757847253233, 6129996.953959133476019 ], [ 710003.111563101876527, 6139995.952253927476704 ], [ 719998.753090310376137, 6140004.02683405764401 ], [ 720000.945700345328078, 6130003.580348778516054 ], [ 710001.817757847253233, 6129996.953959133476019 ] ] ] ] } },
{ "type": "Feature", "properties": { "cellId": "10km_613_86", "Nedboer": null, "Nedbeor": null }, "geometry": { "type": "MultiPolygon", "coordinates": [ [ [ [ 859998.038611521245912, 6129999.878990254364908 ], [ 860001.701912042452022, 6139997.732235603034496 ], [ 870001.939681440358981, 6139997.380388627760112 ], [ 870001.501005878788419, 6129997.053857720457017 ], [ 859998.038611521245912, 6129999.878990254364908 ] ] ] ] } },
{ "type": "Feature", "properties": { "cellId": "10km_613_87", "Nedboer": null, "Nedbeor": null }, "geometry": { "type": "MultiPolygon", "coordinates": [ [ [ [ 870001.501005878788419, 6129997.053857720457017 ], [ 870001.939681440358981, 6139997.380388627760112 ], [ 880000.476326590636745, 6139996.891834354028106 ], [ 880002.288923143874854, 6130005.13795683439821 ], [ 870001.501005878788419, 6129997.053857720457017 ] ] ] ] } },
{ "type": "Feature", "properties": { "cellId": "10km_613_88", "Nedboer": null, "Nedbeor": null }, "geometry": { "type": "MultiPolygon", "coordinates": [ [ [ [ 880002.288923143874854, 6130005.13795683439821 ], [ 880000.476326590636745, 6139996.891834354028106 ], [ 889997.43406321015209, 6139996.242752361111343 ], [ 890002.406234988942742, 6130001.892028659582138 ], [ 880002.288923143874854, 6130005.13795683439821 ] ] ] ] } },
{ "type": "Feature", "properties": { "cellId": "10km_614_45", "Nedboer": null, "Nedbeor": null }, "geometry": { "type": "MultiPolygon", "coordinates": [ [ [ [ 449999.404290124482941, 6139999.867990119382739 ], [ 449999.243400191888213, 6150005.545335900038481 ], [ 460001.406640845409129, 6150003.244114764034748 ], [ 459999.0043680886738, 6139997.932034928351641 ], [ 449999.404290124482941, 6139999.867990119382739 ] ] ] ] } },
{ "type": "Feature", "properties": { "cellId": "10km_614_46", "Nedboer": null, "Nedbeor": null }, "geometry": { "type": "MultiPolygon", "coordinates": [ [ [ [ 459999.0043680886738, 6139997.932034928351641 ], [ 460001.406640845409129, 6150003.244114764034748 ], [ 470003.070954031602014, 6150001.459939009509981 ], [ 469998.106217993074097, 6139996.425544794648886 ], [ 459999.0043680886738, 6139997.932034928351641 ] ] ] ] } },
{ "type": "Feature", "properties": { "cellId": "10km_614_47", "Nedboer": null, "Nedbeor": null }, "geometry": { "type": "MultiPolygon", "coordinates": [ [ [ [ 469998.106217993074097, 6139996.425544794648886 ], [ 470003.070954031602014, 6150001.459939009509981 ], [ 479998.043360962823499, 6150000.219723188318312 ], [ 479996.834393265249673, 6139995.346686006523669 ], [ 469998.106217993074097, 6139996.425544794648886 ] ] ] ] } },
{ "type": "Feature", "properties": { "cellId": "10km_614_48", "Nedboer": null, "Nedbeor": null }, "geometry": { "type": "MultiPolygon", "coordinates": [ [ [ [ 479996.834393265249673, 6139995.346686006523669 ], [ 479998.043360962823499, 6150000.219723188318312 ], [ 489999.08404823159799, 6149999.450232634320855 ], [ 490001.645521619357169, 6139994.679778999648988 ], [ 479996.834393265249673, 6139995.346686006523669 ] ] ] ] } },
{ "type": "Feature", "properties": { "cellId": "10km_614_49", "Nedboer": null, "Nedbeor": null }, "geometry": { "type": "MultiPolygon", "coordinates": [ [ [ [ 490001.645521619357169, 6139994.679778999648988 ], [ 489999.08404823159799, 6149999.450232634320855 ], [ 500000.0, 6149999.193823881447315 ], [ 500000.0, 6139994.467142331413925 ], [ 490001.645521619357169, 6139994.679778999648988 ] ] ] ] } },
{ "type": "Feature", "properties": { "cellId": "10km_614_50", "Nedboer": null, "Nedbeor": null }, "geometry": { "type": "MultiPolygon", "coordinates": [ [ [ [ 500000.0, 6139994.467142331413925 ], [ 500000.0, 6149999.193823881447315 ], [ 510000.915951768460218, 6149999.450232634320855 ], [ 509998.354478380701039, 6139994.679778999648988 ], [ 500000.0, 6139994.467142331413925 ] ] ] ] } },
{ "type": "Feature", "properties": { "cellId": "10km_614_51", "Nedboer": null, "Nedbeor": null }, "geometry": { "type": "MultiPolygon", "coordinates": [ [ [ [ 509998.354478380701039, 6139994.679778999648988 ], [ 510000.915951768460218, 6149999.450232634320855 ], [ 520001.956639037176501, 6150000.219723188318312 ], [ 520003.165606734750327, 6139995.346686006523669 ], [ 509998.354478380701039, 6139994.679778999648988 ] ] ] ] } },
{ "type": "Feature", "properties": { "cellId": "10km_614_52", "Nedboer": null, "Nedbeor": null }, "geometry": { "type": "MultiPolygon", "coordinates": [ [ [ [ 520003.165606734750327, 6139995.346686006523669 ], [ 520001.956639037176501, 6150000.219723188318312 ], [ 529996.929045968339778, 6150001.459939009509981 ], [ 530001.893782006925903, 6139996.425544794648886 ], [ 520003.165606734750327, 6139995.346686006523669 ] ] ] ] } },
{ "type": "Feature", "properties": { "cellId": "10km_614_53", "Nedboer": null, "Nedbeor": null }, "geometry": { "type": "MultiPolygon", "coordinates": [ [ [ [ 530001.893782006925903, 6139996.425544794648886 ], [ 529996.929045968339778, 6150001.459939009509981 ], [ 539998.593359154532664, 6150003.244114764034748 ], [ 540000.9956319113262, 6139997.932034928351641 ], [ 530001.893782006925903, 6139996.425544794648886 ] ] ] ] } },
{ "type": "Feature", "properties": { "cellId": "10km_614_54", "Nedboer": null, "Nedbeor": null }, "geometry": { "type": "MultiPolygon", "coordinates": [ [ [ [ 540000.9956319113262, 6139997.932034928351641 ], [ 539998.593359154532664, 6150003.244114764034748 ], [ 550000.756599808111787, 6150005.545335900038481 ], [ 550000.595709875575267, 6139999.867990119382739 ], [ 540000.9956319113262, 6139997.932034928351641 ] ] ] ] } },
{ "type": "Feature", "properties": { "cellId": "10km_614_55", "Nedboer": null, "Nedbeor": null }, "geometry": { "type": "MultiPolygon", "coordinates": [ [ [ [ 550000.595709875575267, 6139999.867990119382739 ], [ 550000.756599808111787, 6150005.545335900038481 ], [ 559997.377551378100179, 6149997.151423301547766 ], [ 560000.818569492548704, 6140002.235767941921949 ], [ 550000.595709875575267, 6139999.867990119382739 ] ] ] ] } },
{ "type": "Feature", "properties": { "cellId": "10km_614_56", "Nedboer": null, "Nedbeor": null }, "geometry": { "type": "MultiPolygon", "coordinates": [ [ [ [ 560000.818569492548704, 6140002.235767941921949 ], [ 559997.377551378100179, 6149997.151423301547766 ], [ 570000.938096637139097, 6150000.480209922417998 ], [ 570001.788764564087614, 6140005.038249821402133 ], [ 560000.818569492548704, 6140002.235767941921949 ] ] ] ] } },
{ "type": "Feature", "properties": { "cellId": "10km_614_57", "Nedboer": null, "Nedbeor": null }, "geometry": { "type": "MultiPolygon", "coordinates": [ [ [ [ 570001.788764564087614, 6140005.038249821402133 ], [ 570000.938096637139097, 6150000.480209922417998 ], [ 579999.053588405484334, 6150004.219721617177129 ], [ 579997.500278389663436, 6139997.036221781745553 ], [ 570001.788764564087614, 6140005.038249821402133 ] ] ] ] } },
{ "type": "Feature", "properties": { "cellId": "10km_614_58", "Nedboer": null, "Nedbeor": null }, "geometry": { "type": "MultiPolygon", "coordinates": [ [ [ [ 579997.500278389663436, 6139997.036221781745553 ], [ 579999.053588405484334, 6150004.219721617177129 ], [ 589998.394666607957333, 6149997.332651313394308 ], [ 590000.36392658285331, 6140000.704736235551536 ], [ 579997.500278389663436, 6139997.036221781745553 ] ] ] ] } },
{ "type": "Feature", "properties": { "cellId": "10km_614_59", "Nedboer": null, "Nedbeor": null }, "geometry": { "type": "MultiPolygon", "coordinates": [ [ [ [ 590000.36392658285331, 6140000.704736235551536 ], [ 589998.394666607957333, 6149997.332651313394308 ], [ 599998.655383030185476, 6150002.078909990377724 ], [ 599998.015729122795165, 6140004.676087551750243 ], [ 590000.36392658285331, 6140000.704736235551536 ] ] ] ] } },
{ "type": "Feature", "properties": { "cellId": "10km_614_60", "Nedboer": null, "Nedbeor": null }, "geometry": { "type": "MultiPolygon", "coordinates": [ [ [ [ 599998.015729122795165, 6140004.676087551750243 ], [ 599998.655383030185476, 6150002.078909990377724 ], [ 610000.441714199958369, 6149996.208732343278825 ], [ 609997.190437919110991, 6139997.943378648720682 ], [ 599998.015729122795165, 6140004.676087551750243 ] ] ] ] } },
{ "type": "Feature", "properties": { "cellId": "10km_614_61", "Nedboer": null, "Nedbeor": null }, "geometry": { "type": "MultiPolygon", "coordinates": [ [ [ [ 609997.190437919110991, 6139997.943378648720682 ], [ 610000.441714199958369, 6149996.208732343278825 ], [ 619997.027626829105429, 6150001.809311124496162 ], [ 619997.482431893586181, 6140002.766074121929705 ], [ 609997.190437919110991, 6139997.943378648720682 ] ] ] ] } },
{ "type": "Feature", "properties": { "cellId": "10km_614_63", "Nedboer": null, "Nedbeor": null }, "geometry": { "type": "MultiPolygon", "coordinates": [ [ [ [ 629999.596814488992095, 6139996.896976009011269 ], [ 630001.757779801846482, 6149996.964047046378255 ], [ 640001.485856928862631, 6150003.57278102543205 ], [ 640003.027044628164731, 6140002.595201455056667 ], [ 629999.596814488992095, 6139996.896976009011269 ] ] ] ] } },
{ "type": "Feature", "properties": { "cellId": "10km_614_64", "Nedboer": null, "Nedbeor": null }, "geometry": { "type": "MultiPolygon", "coordinates": [ [ [ [ 640003.027044628164731, 6140002.595201455056667 ], [ 640001.485856928862631, 6150003.57278102543205 ], [ 649997.019687139196321, 6149999.347512499429286 ], [ 650002.245336513034999, 6139997.400571922771633 ], [ 640003.027044628164731, 6140002.595201455056667 ] ] ] ] } },
{ "type": "Feature", "properties": { "cellId": "10km_614_65", "Nedboer": null, "Nedbeor": null }, "geometry": { "type": "MultiPolygon", "coordinates": [ [ [ [ 650002.245336513034999, 6139997.400571922771633 ], [ 649997.019687139196321, 6149999.347512499429286 ], [ 660000.793279162258841, 6149995.839331462979317 ], [ 660002.977577701210976, 6140003.758401030674577 ], [ 650002.245336513034999, 6139997.400571922771633 ] ] ] ] } },
{ "type": "Feature", "properties": { "cellId": "10km_614_66", "Nedboer": null, "Nedbeor": null }, "geometry": { "type": "MultiPolygon", "coordinates": [ [ [ [ 660002.977577701210976, 6140003.758401030674577 ], [ 660000.793279162258841, 6149995.839331462979317 ], [ 669999.861706990050152, 6150003.73495542164892 ], [ 669999.796316233463585, 6139999.182559463195503 ], [ 660002.977577701210976, 6140003.758401030674577 ] ] ] ] } },
{ "type": "Feature", "properties": { "cellId": "10km_614_67", "Nedboer": null, "Nedbeor": null }, "geometry": { "type": "MultiPolygon", "coordinates": [ [ [ [ 669999.796316233463585, 6139999.182559463195503 ], [ 669999.861706990050152, 6150003.73495542164892 ], [ 680001.504601743072271, 6150001.009634082205594 ], [ 679998.781186016276479, 6139995.022523834370077 ], [ 669999.796316233463585, 6139999.182559463195503 ] ] ] ] } },
{ "type": "Feature", "properties": { "cellId": "10km_614_68", "Nedboer": null, "Nedbeor": null }, "geometry": { "type": "MultiPolygon", "coordinates": [ [ [ [ 679998.781186016276479, 6139995.022523834370077 ], [ 680001.504601743072271, 6150001.009634082205594 ], [ 689999.120931709883735, 6149998.524232027120888 ], [ 689999.577220161445439, 6140002.410697475075722 ], [ 679998.781186016276479, 6139995.022523834370077 ] ] ] ] } },
{ "type": "Feature", "properties": { "cellId": "10km_614_69", "Nedboer": null, "Nedbeor": null }, "geometry": { "type": "MultiPolygon", "coordinates": [ [ [ [ 689999.577220161445439, 6140002.410697475075722 ], [ 689999.120931709883735, 6149998.524232027120888 ], [ 699999.155178274028003, 6149996.533110775053501 ], [ 699996.907263436936773, 6139998.822468812577426 ], [ 689999.577220161445439, 6140002.410697475075722 ] ] ] ] } },
{ "type": "Feature", "properties": { "cellId": "10km_614_70", "Nedboer": null, "Nedbeor": null }, "geometry": { "type": "MultiPolygon", "coordinates": [ [ [ [ 699996.907263436936773, 6139998.822468812577426 ], [ 699999.155178274028003, 6149996.533110775053501 ], [ 710001.73190465499647, 6149995.046611461788416 ], [ 710003.111563101876527, 6139995.952253927476704 ], [ 699996.907263436936773, 6139998.822468812577426 ] ] ] ] } },
{ "type": "Feature", "properties": { "cellId": "10km_614_71", "Nedboer": null, "Nedbeor": null }, "geometry": { "type": "MultiPolygon", "coordinates": [ [ [ [ 710003.111563101876527, 6139995.952253927476704 ], [ 710001.73190465499647, 6149995.046611461788416 ], [ 720000.097422810969874, 6150004.880505202338099 ], [ 719998.753090310376137, 6140004.02683405764401 ], [ 710003.111563101876527, 6139995.952253927476704 ] ] ] ] } },
{ "type": "Feature", "properties": { "cellId": "10km_614_86", "Nedboer": null, "Nedbeor": null }, "geometry": { "type": "MultiPolygon", "coordinates": [ [ [ [ 860001.701912042452022, 6139997.732235603034496 ], [ 860000.811738134594634, 6149995.583236716687679 ], [ 869997.713939455803484, 6149997.695779422298074 ], [ 870001.939681440358981, 6139997.380388627760112 ], [ 860001.701912042452022, 6139997.732235603034496 ] ] ] ] } },
{ "type": "Feature", "properties": { "cellId": "10km_614_89", "Nedboer": null, "Nedbeor": null }, "geometry": { "type": "MultiPolygon", "coordinates": [ [ [ [ 889997.43406321015209, 6139996.242752361111343 ], [ 889999.256179065792821, 6150002.792354469187558 ], [ 899997.813207069644704, 6150005.211404575966299 ], [ 899999.279519235366024, 6139995.984885599464178 ], [ 889997.43406321015209, 6139996.242752361111343 ] ] ] ] } },
{ "type": "Feature", "properties": { "cellId": "10km_615_44", "Nedboer": null, "Nedbeor": null }, "geometry": { "type": "MultiPolygon", "coordinates": [ [ [ [ 440002.622448621899821, 6149997.151423301547766 ], [ 440000.665215866523795, 6160003.425035379827023 ], [ 449999.597981266560964, 6160000.238976080901921 ], [ 449999.243400191888213, 6150005.545335900038481 ], [ 440002.622448621899821, 6149997.151423301547766 ] ] ] ] } },
{ "type": "Feature", "properties": { "cellId": "10km_615_45", "Nedboer": null, "Nedbeor": null }, "geometry": { "type": "MultiPolygon", "coordinates": [ [ [ [ 449999.243400191888213, 6150005.545335900038481 ], [ 449999.597981266560964, 6160000.238976080901921 ], [ 459997.906355960818473, 6159997.630960507318377 ], [ 460001.406640845409129, 6150003.244114764034748 ], [ 449999.243400191888213, 6150005.545335900038481 ] ] ] ] } },
{ "type": "Feature", "properties": { "cellId": "10km_615_46", "Nedboer": null, "Nedbeor": null }, "geometry": { "type": "MultiPolygon", "coordinates": [ [ [ [ 460001.406640845409129, 6150003.244114764034748 ], [ 459997.906355960818473, 6159997.630960507318377 ], [ 470002.018581188633107, 6159995.555394750088453 ], [ 470003.070954031602014, 6150001.459939009509981 ], [ 460001.406640845409129, 6150003.244114764034748 ] ] ] ] } },
{ "type": "Feature", "properties": { "cellId": "10km_615_47", "Nedboer": null, "Nedbeor": null }, "geometry": { "type": "MultiPolygon", "coordinates": [ [ [ [ 470003.070954031602014, 6150001.459939009509981 ], [ 470002.018581188633107, 6159995.555394750088453 ], [ 479999.503599257965107, 6160005.240116916596889 ], [ 479998.043360962823499, 6150000.219723188318312 ], [ 470003.070954031602014, 6150001.459939009509981 ] ] ] ] } },
{ "type": "Feature", "properties": { "cellId": "10km_615_48", "Nedboer": null, "Nedbeor": null }, "geometry": { "type": "MultiPolygon", "coordinates": [ [ [ [ 479998.043360962823499, 6150000.219723188318312 ], [ 479999.503599257965107, 6160005.240116916596889 ], [ 490002.965893929882441, 6160004.354025503620505 ], [ 489999.08404823159799, 6149999.450232634320855 ], [ 479998.043360962823499, 6150000.219723188318312 ] ] ] ] } },
{ "type": "Feature", "properties": { "cellId": "10km_615_49", "Nedboer": null, "Nedbeor": null }, "geometry": { "type": "MultiPolygon", "coordinates": [ [ [ [ 489999.08404823159799, 6149999.450232634320855 ], [ 490002.965893929882441, 6160004.354025503620505 ], [ 500000.0, 6160004.068348210304976 ], [ 500000.0, 6149999.193823881447315 ], [ 489999.08404823159799, 6149999.450232634320855 ] ] ] ] } },
{ "type": "Feature", "properties": { "cellId": "10km_615_50", "Nedboer": null, "Nedbeor": null }, "geometry": { "type": "MultiPolygon", "coordinates": [ [ [ [ 500000.0, 6149999.193823881447315 ], [ 500000.0, 6160004.068348210304976 ], [ 509997.034106070117559, 6160004.354025503620505 ], [ 510000.915951768460218, 6149999.450232634320855 ], [ 500000.0, 6149999.193823881447315 ] ] ] ] } },
{ "type": "Feature", "properties": { "cellId": "10km_615_51", "Nedboer": null, "Nedbeor": null }, "geometry": { "type": "MultiPolygon", "coordinates": [ [ [ [ 510000.915951768460218, 6149999.450232634320855 ], [ 509997.034106070117559, 6160004.354025503620505 ], [ 520000.496400742034893, 6160005.240116916596889 ], [ 520001.956639037176501, 6150000.219723188318312 ], [ 510000.915951768460218, 6149999.450232634320855 ] ] ] ] } },
{ "type": "Feature", "properties": { "cellId": "10km_615_52", "Nedboer": null, "Nedbeor": null }, "geometry": { "type": "MultiPolygon", "coordinates": [ [ [ [ 520001.956639037176501, 6150000.219723188318312 ], [ 520000.496400742034893, 6160005.240116916596889 ], [ 529997.981418811483309, 6159995.555394750088453 ], [ 529996.929045968339778, 6150001.459939009509981 ], [ 520001.956639037176501, 6150000.219723188318312 ] ] ] ] } },
{ "type": "Feature", "properties": { "cellId": "10km_615_53", "Nedboer": null, "Nedbeor": null }, "geometry": { "type": "MultiPolygon", "coordinates": [ [ [ [ 529996.929045968339778, 6150001.459939009509981 ], [ 529997.981418811483309, 6159995.555394750088453 ], [ 540002.093644039239734, 6159997.630960507318377 ], [ 539998.593359154532664, 6150003.244114764034748 ], [ 529996.929045968339778, 6150001.459939009509981 ] ] ] ] } },
{ "type": "Feature", "properties": { "cellId": "10km_615_54", "Nedboer": null, "Nedbeor": null }, "geometry": { "type": "MultiPolygon", "coordinates": [ [ [ [ 539998.593359154532664, 6150003.244114764034748 ], [ 540002.093644039239734, 6159997.630960507318377 ], [ 550000.402018733439036, 6160000.238976080901921 ], [ 550000.756599808111787, 6150005.545335900038481 ], [ 539998.593359154532664, 6150003.244114764034748 ] ] ] ] } },
{ "type": "Feature", "properties": { "cellId": "10km_615_55", "Nedboer": null, "Nedbeor": null }, "geometry": { "type": "MultiPolygon", "coordinates": [ [ [ [ 550000.756599808111787, 6150005.545335900038481 ], [ 550000.402018733439036, 6160000.238976080901921 ], [ 559999.334784133476205, 6160003.425035379827023 ], [ 559997.377551378100179, 6149997.151423301547766 ], [ 550000.756599808111787, 6150005.545335900038481 ] ] ] ] } },
{ "type": "Feature", "properties": { "cellId": "10km_615_56", "Nedboer": null, "Nedbeor": null }, "geometry": { "type": "MultiPolygon", "coordinates": [ [ [ [ 559997.377551378100179, 6149997.151423301547766 ], [ 559999.334784133476205, 6160003.425035379827023 ], [ 569999.194743548636325, 6159996.063855035230517 ], [ 570000.938096637139097, 6150000.480209922417998 ], [ 559997.377551378100179, 6149997.151423301547766 ] ] ] ] } },
{ "type": "Feature", "properties": { "cellId": "10km_615_57", "Nedboer": null, "Nedbeor": null }, "geometry": { "type": "MultiPolygon", "coordinates": [ [ [ [ 570000.938096637139097, 6150000.480209922417998 ], [ 569999.194743548636325, 6159996.063855035230517 ], [ 579999.776321505662054, 6160000.415554504841566 ], [ 579999.053588405484334, 6150004.219721617177129 ], [ 570000.938096637139097, 6150000.480209922417998 ] ] ] ] } },
{ "type": "Feature", "properties": { "cellId": "10km_615_58", "Nedboer": null, "Nedbeor": null }, "geometry": { "type": "MultiPolygon", "coordinates": [ [ [ [ 579999.053588405484334, 6150004.219721617177129 ], [ 579999.776321505662054, 6160000.415554504841566 ], [ 590001.356907344073988, 6160005.355713190510869 ], [ 589998.394666607957333, 6149997.332651313394308 ], [ 579999.053588405484334, 6150004.219721617177129 ] ] ] ] } },
{ "type": "Feature", "properties": { "cellId": "10km_615_59", "Nedboer": null, "Nedbeor": null }, "geometry": { "type": "MultiPolygon", "coordinates": [ [ [ [ 589998.394666607957333, 6149997.332651313394308 ], [ 590001.356907344073988, 6160005.355713190510869 ], [ 599998.011479304288514, 6159999.617445199750364 ], [ 599998.655383030185476, 6150002.078909990377724 ], [ 589998.394666607957333, 6149997.332651313394308 ] ] ] ] } },
{ "type": "Feature", "properties": { "cellId": "10km_615_60", "Nedboer": null, "Nedbeor": null }, "geometry": { "type": "MultiPolygon", "coordinates": [ [ [ [ 599998.655383030185476, 6150002.078909990377724 ], [ 599998.011479304288514, 6159999.617445199750364 ], [ 610002.269528832170181, 6159994.607460957951844 ], [ 610000.441714199958369, 6149996.208732343278825 ], [ 599998.655383030185476, 6150002.078909990377724 ] ] ] ] } },
{ "type": "Feature", "properties": { "cellId": "10km_615_61", "Nedboer": null, "Nedbeor": null }, "geometry": { "type": "MultiPolygon", "coordinates": [ [ [ [ 610000.441714199958369, 6149996.208732343278825 ], [ 610002.269528832170181, 6159994.607460957951844 ], [ 620001.342627982143313, 6160001.155792413279414 ], [ 619997.027626829105429, 6150001.809311124496162 ], [ 610000.441714199958369, 6149996.208732343278825 ] ] ] ] } },
{ "type": "Feature", "properties": { "cellId": "10km_615_63", "Nedboer": null, "Nedbeor": null }, "geometry": { "type": "MultiPolygon", "coordinates": [ [ [ [ 630001.757779801846482, 6149996.964047046378255 ], [ 630002.244209959288128, 6159997.15878152102232 ], [ 639998.158968891948462, 6160004.674592422321439 ], [ 640001.485856928862631, 6150003.57278102543205 ], [ 630001.757779801846482, 6149996.964047046378255 ] ] ] ] } },
{ "type": "Feature", "properties": { "cellId": "10km_615_64", "Nedboer": null, "Nedbeor": null }, "geometry": { "type": "MultiPolygon", "coordinates": [ [ [ [ 640001.485856928862631, 6150003.57278102543205 ], [ 639998.158968891948462, 6160004.674592422321439 ], [ 650002.507237092824653, 6160001.846976853907108 ], [ 649997.019687139196321, 6149999.347512499429286 ], [ 640001.485856928862631, 6150003.57278102543205 ] ] ] ] } },
{ "type": "Feature", "properties": { "cellId": "10km_615_65", "Nedboer": null, "Nedbeor": null }, "geometry": { "type": "MultiPolygon", "coordinates": [ [ [ [ 649997.019687139196321, 6149999.347512499429286 ], [ 650002.507237092824653, 6160001.846976853907108 ], [ 660002.473616153816693, 6159999.39248438179493 ], [ 660000.793279162258841, 6149995.839331462979317 ], [ 649997.019687139196321, 6149999.347512499429286 ] ] ] ] } },
{ "type": "Feature", "properties": { "cellId": "10km_615_66", "Nedboer": null, "Nedbeor": null }, "geometry": { "type": "MultiPolygon", "coordinates": [ [ [ [ 660000.793279162258841, 6149995.839331462979317 ], [ 660002.473616153816693, 6159999.39248438179493 ], [ 669998.182161281467415, 6159997.276230939663947 ], [ 669999.861706990050152, 6150003.73495542164892 ], [ 660000.793279162258841, 6149995.839331462979317 ] ] ] ] } },
{ "type": "Feature", "properties": { "cellId": "10km_615_67", "Nedboer": null, "Nedbeor": null }, "geometry": { "type": "MultiPolygon", "coordinates": [ [ [ [ 669999.861706990050152, 6150003.73495542164892 ], [ 669998.182161281467415, 6159997.276230939663947 ], [ 680002.368449618341401, 6159995.982273570261896 ], [ 680001.504601743072271, 6150001.009634082205594 ], [ 669999.861706990050152, 6150003.73495542164892 ] ] ] ] } },
{ "type": "Feature", "properties": { "cellId": "10km_615_68", "Nedboer": null, "Nedbeor": null }, "geometry": { "type": "MultiPolygon", "coordinates": [ [ [ [ 680001.504601743072271, 6150001.009634082205594 ], [ 680002.368449618341401, 6159995.982273570261896 ], [ 690002.54590025334619, 6159995.015976814553142 ], [ 689999.120931709883735, 6149998.524232027120888 ], [ 680001.504601743072271, 6150001.009634082205594 ] ] ] ] } },
{ "type": "Feature", "properties": { "cellId": "10km_615_69", "Nedboer": null, "Nedbeor": null }, "geometry": { "type": "MultiPolygon", "coordinates": [ [ [ [ 689999.120931709883735, 6149998.524232027120888 ], [ 690002.54590025334619, 6159995.015976814553142 ], [ 699998.330409442540258, 6160005.466798270121217 ], [ 699999.155178274028003, 6149996.533110775053501 ], [ 689999.120931709883735, 6149998.524232027120888 ] ] ] ] } },
{ "type": "Feature", "properties": { "cellId": "10km_615_70", "Nedboer": null, "Nedbeor": null }, "geometry": { "type": "MultiPolygon", "coordinates": [ [ [ [ 699999.155178274028003, 6149996.533110775053501 ], [ 699998.330409442540258, 6160005.466798270121217 ], [ 709997.143097885302268, 6160005.358202888630331 ], [ 710001.73190465499647, 6149995.046611461788416 ], [ 699999.155178274028003, 6149996.533110775053501 ] ] ] ] } },
{ "type": "Feature", "properties": { "cellId": "10km_616_44", "Nedboer": null, "Nedbeor": null }, "geometry": { "type": "MultiPolygon", "coordinates": [ [ [ [ 440000.665215866523795, 6160003.425035379827023 ], [ 439999.338253395166248, 6169998.713487331755459 ], [ 450000.594851478759665, 6169995.076957391574979 ], [ 449999.597981266560964, 6160000.238976080901921 ], [ 440000.665215866523795, 6160003.425035379827023 ] ] ] ] } },
{ "type": "Feature", "properties": { "cellId": "10km_616_45", "Nedboer": null, "Nedbeor": null }, "geometry": { "type": "MultiPolygon", "coordinates": [ [ [ [ 449999.597981266560964, 6160000.238976080901921 ], [ 450000.594851478759665, 6169995.076957391574979 ], [ 460001.328215214540251, 6170003.234530559740961 ], [ 459997.906355960818473, 6159997.630960507318377 ], [ 449999.597981266560964, 6160000.238976080901921 ] ] ] ] } },
{ "type": "Feature", "properties": { "cellId": "10km_616_46", "Nedboer": null, "Nedbeor": null }, "geometry": { "type": "MultiPolygon", "coordinates": [ [ [ [ 459997.906355960818473, 6159997.630960507318377 ], [ 460001.328215214540251, 6170003.234530559740961 ], [ 470001.433842351310886, 6170000.926126285456121 ], [ 470002.018581188633107, 6159995.555394750088453 ], [ 459997.906355960818473, 6159997.630960507318377 ] ] ] ] } },
{ "type": "Feature", "properties": { "cellId": "10km_616_47", "Nedboer": null, "Nedbeor": null }, "geometry": { "type": "MultiPolygon", "coordinates": [ [ [ [ 470002.018581188633107, 6159995.555394750088453 ], [ 470001.433842351310886, 6170000.926126285456121 ], [ 480001.164314408320934, 6169999.278609156608582 ], [ 479999.503599257965107, 6160005.240116916596889 ], [ 470002.018581188633107, 6159995.555394750088453 ] ] ] ] } },
{ "type": "Feature", "properties": { "cellId": "10km_616_48", "Nedboer": null, "Nedbeor": null }, "geometry": { "type": "MultiPolygon", "coordinates": [ [ [ [ 479999.503599257965107, 6160005.240116916596889 ], [ 480001.164314408320934, 6169999.278609156608582 ], [ 490000.644683058722876, 6169998.290636104531586 ], [ 490002.965893929882441, 6160004.354025503620505 ], [ 479999.503599257965107, 6160005.240116916596889 ] ] ] ] } },
{ "type": "Feature", "properties": { "cellId": "10km_616_49", "Nedboer": null, "Nedbeor": null }, "geometry": { "type": "MultiPolygon", "coordinates": [ [ [ [ 490002.965893929882441, 6160004.354025503620505 ], [ 490000.644683058722876, 6169998.290636104531586 ], [ 500000.0, 6169997.961401293054223 ], [ 500000.0, 6160004.068348210304976 ], [ 490002.965893929882441, 6160004.354025503620505 ] ] ] ] } },
{ "type": "Feature", "properties": { "cellId": "10km_616_50", "Nedboer": null, "Nedbeor": null }, "geometry": { "type": "MultiPolygon", "coordinates": [ [ [ [ 500000.0, 6160004.068348210304976 ], [ 500000.0, 6169997.961401293054223 ], [ 509999.355316941277124, 6169998.290636104531586 ], [ 509997.034106070117559, 6160004.354025503620505 ], [ 500000.0, 6160004.068348210304976 ] ] ] ] } },
{ "type": "Feature", "properties": { "cellId": "10km_616_51", "Nedboer": null, "Nedbeor": null }, "geometry": { "type": "MultiPolygon", "coordinates": [ [ [ [ 509997.034106070117559, 6160004.354025503620505 ], [ 509999.355316941277124, 6169998.290636104531586 ], [ 519998.835685591679066, 6169999.278609156608582 ], [ 520000.496400742034893, 6160005.240116916596889 ], [ 509997.034106070117559, 6160004.354025503620505 ] ] ] ] } },
{ "type": "Feature", "properties": { "cellId": "10km_616_52", "Nedboer": null, "Nedbeor": null }, "geometry": { "type": "MultiPolygon", "coordinates": [ [ [ [ 520000.496400742034893, 6160005.240116916596889 ], [ 519998.835685591679066, 6169999.278609156608582 ], [ 529998.566157648689114, 6170000.926126285456121 ], [ 529997.981418811483309, 6159995.555394750088453 ], [ 520000.496400742034893, 6160005.240116916596889 ] ] ] ] } },
{ "type": "Feature", "properties": { "cellId": "10km_616_53", "Nedboer": null, "Nedbeor": null }, "geometry": { "type": "MultiPolygon", "coordinates": [ [ [ [ 529997.981418811483309, 6159995.555394750088453 ], [ 529998.566157648689114, 6170000.926126285456121 ], [ 539998.671784785459749, 6170003.234530559740961 ], [ 540002.093644039239734, 6159997.630960507318377 ], [ 529997.981418811483309, 6159995.555394750088453 ] ] ] ] } },
{ "type": "Feature", "properties": { "cellId": "10km_616_54", "Nedboer": null, "Nedbeor": null }, "geometry": { "type": "MultiPolygon", "coordinates": [ [ [ [ 540002.093644039239734, 6159997.630960507318377 ], [ 539998.671784785459749, 6170003.234530559740961 ], [ 549999.405148521298543, 6169995.076957391574979 ], [ 550000.402018733439036, 6160000.238976080901921 ], [ 540002.093644039239734, 6159997.630960507318377 ] ] ] ] } },
{ "type": "Feature", "properties": { "cellId": "10km_616_55", "Nedboer": null, "Nedbeor": null }, "geometry": { "type": "MultiPolygon", "coordinates": [ [ [ [ 550000.402018733439036, 6160000.238976080901921 ], [ 549999.405148521298543, 6169995.076957391574979 ], [ 560000.661746604833752, 6169998.713487331755459 ], [ 559999.334784133476205, 6160003.425035379827023 ], [ 550000.402018733439036, 6160000.238976080901921 ] ] ] ] } },
{ "type": "Feature", "properties": { "cellId": "10km_616_57", "Nedboer": null, "Nedbeor": null }, "geometry": { "type": "MultiPolygon", "coordinates": [ [ [ [ 569999.194743548636325, 6159996.063855035230517 ], [ 570002.668654505047016, 6170003.018188462592661 ], [ 579999.465585787314922, 6169996.751103670336306 ], [ 579999.776321505662054, 6160000.415554504841566 ], [ 569999.194743548636325, 6159996.063855035230517 ] ] ] ] } },
{ "type": "Feature", "properties": { "cellId": "10km_616_58", "Nedboer": null, "Nedbeor": null }, "geometry": { "type": "MultiPolygon", "coordinates": [ [ [ [ 579999.776321505662054, 6160000.415554504841566 ], [ 579999.465585787314922, 6169996.751103670336306 ], [ 589997.08414191857446, 6170002.25927647203207 ], [ 590001.356907344073988, 6160005.355713190510869 ], [ 579999.776321505662054, 6160000.415554504841566 ] ] ] ] } },
{ "type": "Feature", "properties": { "cellId": "10km_616_60", "Nedboer": null, "Nedbeor": null }, "geometry": { "type": "MultiPolygon", "coordinates": [ [ [ [ 599998.011479304288514, 6159999.617445199750364 ], [ 600002.372544724727049, 6169997.435481291264296 ], [ 610002.392098744399846, 6170004.266400156542659 ], [ 610002.269528832170181, 6159994.607460957951844 ], [ 599998.011479304288514, 6159999.617445199750364 ] ] ] ] } },
{ "type": "Feature", "properties": { "cellId": "10km_616_63", "Nedboer": null, "Nedbeor": null }, "geometry": { "type": "MultiPolygon", "coordinates": [ [ [ [ 630002.244209959288128, 6159997.15878152102232 ], [ 630001.054620893788524, 6169997.480695611797273 ], [ 639999.692153434734792, 6169994.97586050722748 ], [ 639998.158968891948462, 6160004.674592422321439 ], [ 630002.244209959288128, 6159997.15878152102232 ] ] ] ] } },
{ "type": "Feature", "properties": { "cellId": "10km_616_64", "Nedboer": null, "Nedbeor": null }, "geometry": { "type": "MultiPolygon", "coordinates": [ [ [ [ 639998.158968891948462, 6160004.674592422321439 ], [ 639999.692153434734792, 6169994.97586050722748 ], [ 649999.74799937417265, 6170004.251083158887923 ], [ 650002.507237092824653, 6160001.846976853907108 ], [ 639998.158968891948462, 6160004.674592422321439 ] ] ] ] } },
{ "type": "Feature", "properties": { "cellId": "10km_616_65", "Nedboer": null, "Nedbeor": null }, "geometry": { "type": "MultiPolygon", "coordinates": [ [ [ [ 650002.507237092824653, 6160001.846976853907108 ], [ 649999.74799937417265, 6170004.251083158887923 ], [ 660002.08649725408759, 6170003.062541750259697 ], [ 660002.473616153816693, 6159999.39248438179493 ], [ 650002.507237092824653, 6160001.846976853907108 ] ] ] ] } },
{ "type": "Feature", "properties": { "cellId": "10km_616_66", "Nedboer": null, "Nedbeor": null }, "geometry": { "type": "MultiPolygon", "coordinates": [ [ [ [ 660002.473616153816693, 6159999.39248438179493 ], [ 660002.08649725408759, 6170003.062541750259697 ], [ 670000.184545883326791, 6170002.29961668048054 ], [ 669998.182161281467415, 6159997.276230939663947 ], [ 660002.473616153816693, 6159999.39248438179493 ] ] ] ] } },
{ "type": "Feature", "properties": { "cellId": "10km_616_67", "Nedboer": null, "Nedbeor": null }, "geometry": { "type": "MultiPolygon", "coordinates": [ [ [ [ 669998.182161281467415, 6159997.276230939663947 ], [ 670000.184545883326791, 6170002.29961668048054 ], [ 680000.457681899541058, 6170002.18746423535049 ], [ 680002.368449618341401, 6159995.982273570261896 ], [ 669998.182161281467415, 6159997.276230939663947 ] ] ] ] } },
{ "type": "Feature", "properties": { "cellId": "10km_616_68", "Nedboer": null, "Nedbeor": null }, "geometry": { "type": "MultiPolygon", "coordinates": [ [ [ [ 680002.368449618341401, 6159995.982273570261896 ], [ 680000.457681899541058, 6170002.18746423535049 ], [ 690003.030825083144009, 6170002.735541107133031 ], [ 690002.54590025334619, 6159995.015976814553142 ], [ 680002.368449618341401, 6159995.982273570261896 ] ] ] ] } },
{ "type": "Feature", "properties": { "cellId": "10km_616_69", "Nedboer": null, "Nedbeor": null }, "geometry": { "type": "MultiPolygon", "coordinates": [ [ [ [ 690002.54590025334619, 6159995.015976814553142 ], [ 690003.030825083144009, 6170002.735541107133031 ], [ 700001.73692687926814, 6170003.665504080243409 ], [ 699998.330409442540258, 6160005.466798270121217 ], [ 690002.54590025334619, 6159995.015976814553142 ] ] ] ] } },
{ "type": "Feature", "properties": { "cellId": "10km_616_70", "Nedboer": null, "Nedbeor": null }, "geometry": { "type": "MultiPolygon", "coordinates": [ [ [ [ 699998.330409442540258, 6160005.466798270121217 ], [ 700001.73692687926814, 6170003.665504080243409 ], [ 709996.699964513885789, 6170004.944608760997653 ], [ 709997.143097885302268, 6160005.358202888630331 ], [ 699998.330409442540258, 6160005.466798270121217 ] ] ] ] } },
{ "type": "Feature", "properties": { "cellId": "10km_616_71", "Nedboer": null, "Nedbeor": null }, "geometry": { "type": "MultiPolygon", "coordinates": [ [ [ [ 709997.143097885302268, 6160005.358202888630331 ], [ 709996.699964513885789, 6170004.944608760997653 ], [ 720001.189619477139786, 6169996.053430829197168 ], [ 719999.1847086136695, 6159994.703040958382189 ], [ 709997.143097885302268, 6160005.358202888630331 ] ] ] ] } },
{ "type": "Feature", "properties": { "cellId": "10km_616_72", "Nedboer": null, "Nedbeor": null }, "geometry": { "type": "MultiPolygon", "coordinates": [ [ [ [ 719999.1847086136695, 6159994.703040958382189 ], [ 720001.189619477139786, 6169996.053430829197168 ], [ 730001.650130689726211, 6169998.627407390624285 ], [ 729997.180539252469316, 6159995.42518809530884 ], [ 719999.1847086136695, 6159994.703040958382189 ] ] ] ] } },
{ "type": "Feature", "properties": { "cellId": "10km_616_73", "Nedboer": null, "Nedbeor": null }, "geometry": { "type": "MultiPolygon", "coordinates": [ [ [ [ 729997.180539252469316, 6159995.42518809530884 ], [ 730001.650130689726211, 6169998.627407390624285 ], [ 739998.740428836317733, 6170001.513152306899428 ], [ 739998.095288599841297, 6159996.716926196590066 ], [ 729997.180539252469316, 6159995.42518809530884 ] ] ] ] } },
{ "type": "Feature", "properties": { "cellId": "10km_617_44", "Nedboer": null, "Nedbeor": null }, "geometry": { "type": "MultiPolygon", "coordinates": [ [ [ [ 439999.338253395166248, 6169998.713487331755459 ], [ 439998.947811808611732, 6180005.273521596565843 ], [ 450002.362533331732266, 6180001.187962007708848 ], [ 450000.594851478759665, 6169995.076957391574979 ], [ 439999.338253395166248, 6169998.713487331755459 ] ] ] ] } },
{ "type": "Feature", "properties": { "cellId": "10km_617_45", "Nedboer": null, "Nedbeor": null }, "geometry": { "type": "MultiPolygon", "coordinates": [ [ [ [ 450000.594851478759665, 6169995.076957391574979 ], [ 450002.362533331732266, 6180001.187962007708848 ], [ 459998.87654541892698, 6179997.912258318625391 ], [ 460001.328215214540251, 6170003.234530559740961 ], [ 450000.594851478759665, 6169995.076957391574979 ] ] ] ] } },
{ "type": "Feature", "properties": { "cellId": "10km_617_46", "Nedboer": null, "Nedbeor": null }, "geometry": { "type": "MultiPolygon", "coordinates": [ [ [ [ 460001.328215214540251, 6170003.234530559740961 ], [ 459998.87654541892698, 6179997.912258318625391 ], [ 470001.164309837273322, 6179995.314108948223293 ], [ 470001.433842351310886, 6170000.926126285456121 ], [ 460001.328215214540251, 6170003.234530559740961 ] ] ] ] } },
{ "type": "Feature", "properties": { "cellId": "10km_617_47", "Nedboer": null, "Nedbeor": null }, "geometry": { "type": "MultiPolygon", "coordinates": [ [ [ [ 470001.433842351310886, 6170000.926126285456121 ], [ 470001.164309837273322, 6179995.314108948223293 ], [ 480003.127579952066299, 6180004.593004888854921 ], [ 480001.164314408320934, 6169999.278609156608582 ], [ 470001.433842351310886, 6170000.926126285456121 ] ] ] ] } },
{ "type": "Feature", "properties": { "cellId": "10km_617_48", "Nedboer": null, "Nedbeor": null }, "geometry": { "type": "MultiPolygon", "coordinates": [ [ [ [ 480001.164314408320934, 6169999.278609156608582 ], [ 480003.127579952066299, 6180004.593004888854921 ], [ 489998.489160166122019, 6180003.503588501363993 ], [ 490000.644683058722876, 6169998.290636104531586 ], [ 480001.164314408320934, 6169999.278609156608582 ] ] ] ] } },
{ "type": "Feature", "properties": { "cellId": "10km_617_49", "Nedboer": null, "Nedbeor": null }, "geometry": { "type": "MultiPolygon", "coordinates": [ [ [ [ 490000.644683058722876, 6169998.290636104531586 ], [ 489998.489160166122019, 6180003.503588501363993 ], [ 500000.0, 6180003.130920414812863 ], [ 500000.0, 6169997.961401293054223 ], [ 490000.644683058722876, 6169998.290636104531586 ] ] ] ] } },
{ "type": "Feature", "properties": { "cellId": "10km_617_50", "Nedboer": null, "Nedbeor": null }, "geometry": { "type": "MultiPolygon", "coordinates": [ [ [ [ 500000.0, 6169997.961401293054223 ], [ 500000.0, 6180003.130920414812863 ], [ 510001.510839833877981, 6180003.503588501363993 ], [ 509999.355316941277124, 6169998.290636104531586 ], [ 500000.0, 6169997.961401293054223 ] ] ] ] } },
{ "type": "Feature", "properties": { "cellId": "10km_617_51", "Nedboer": null, "Nedbeor": null }, "geometry": { "type": "MultiPolygon", "coordinates": [ [ [ [ 509999.355316941277124, 6169998.290636104531586 ], [ 510001.510839833877981, 6180003.503588501363993 ], [ 519996.872420047933701, 6180004.593004888854921 ], [ 519998.835685591679066, 6169999.278609156608582 ], [ 509999.355316941277124, 6169998.290636104531586 ] ] ] ] } },
{ "type": "Feature", "properties": { "cellId": "10km_617_52", "Nedboer": null, "Nedbeor": null }, "geometry": { "type": "MultiPolygon", "coordinates": [ [ [ [ 519998.835685591679066, 6169999.278609156608582 ], [ 519996.872420047933701, 6180004.593004888854921 ], [ 529998.835690162843093, 6179995.314108948223293 ], [ 529998.566157648689114, 6170000.926126285456121 ], [ 519998.835685591679066, 6169999.278609156608582 ] ] ] ] } },
{ "type": "Feature", "properties": { "cellId": "10km_617_53", "Nedboer": null, "Nedbeor": null }, "geometry": { "type": "MultiPolygon", "coordinates": [ [ [ [ 529998.566157648689114, 6170000.926126285456121 ], [ 529998.835690162843093, 6179995.314108948223293 ], [ 540001.123454581131227, 6179997.912258318625391 ], [ 539998.671784785459749, 6170003.234530559740961 ], [ 529998.566157648689114, 6170000.926126285456121 ] ] ] ] } },
{ "type": "Feature", "properties": { "cellId": "10km_617_54", "Nedboer": null, "Nedbeor": null }, "geometry": { "type": "MultiPolygon", "coordinates": [ [ [ [ 539998.671784785459749, 6170003.234530559740961 ], [ 540001.123454581131227, 6179997.912258318625391 ], [ 549997.637466668267734, 6180001.187962007708848 ], [ 549999.405148521298543, 6169995.076957391574979 ], [ 539998.671784785459749, 6170003.234530559740961 ] ] ] ] } },
{ "type": "Feature", "properties": { "cellId": "10km_617_55", "Nedboer": null, "Nedbeor": null }, "geometry": { "type": "MultiPolygon", "coordinates": [ [ [ [ 549999.405148521298543, 6169995.076957391574979 ], [ 549997.637466668267734, 6180001.187962007708848 ], [ 560001.052188191446476, 6180005.273521596565843 ], [ 560000.661746604833752, 6169998.713487331755459 ], [ 549999.405148521298543, 6169995.076957391574979 ] ] ] ] } },
{ "type": "Feature", "properties": { "cellId": "10km_617_56", "Nedboer": null, "Nedbeor": null }, "geometry": { "type": "MultiPolygon", "coordinates": [ [ [ [ 560000.661746604833752, 6169998.713487331755459 ], [ 560001.052188191446476, 6180005.273521596565843 ], [ 569999.122565876459703, 6179998.884670593775809 ], [ 570002.668654505047016, 6170003.018188462592661 ], [ 560000.661746604833752, 6169998.713487331755459 ] ] ] ] } },
{ "type": "Feature", "properties": { "cellId": "10km_617_58", "Nedboer": null, "Nedbeor": null }, "geometry": { "type": "MultiPolygon", "coordinates": [ [ [ [ 579999.465585787314922, 6169996.751103670336306 ], [ 579997.915749715990387, 6180004.354357150383294 ], [ 589997.940779884695075, 6179999.429901394061744 ], [ 589997.08414191857446, 6170002.25927647203207 ], [ 579999.465585787314922, 6169996.751103670336306 ] ] ] ] } },
{ "type": "Feature", "properties": { "cellId": "10km_617_62", "Nedboer": null, "Nedbeor": null }, "geometry": { "type": "MultiPolygon", "coordinates": [ [ [ [ 619997.802864807890728, 6170000.459683207795024 ], [ 619999.001363023417071, 6180000.066310732625425 ], [ 629998.187536102486774, 6179997.929303446784616 ], [ 630001.054620893788524, 6169997.480695611797273 ], [ 619997.802864807890728, 6170000.459683207795024 ] ] ] ] } },
{ "type": "Feature", "properties": { "cellId": "10km_617_63", "Nedboer": null, "Nedbeor": null }, "geometry": { "type": "MultiPolygon", "coordinates": [ [ [ [ 630001.054620893788524, 6169997.480695611797273 ], [ 629998.187536102486774, 6179997.929303446784616 ], [ 639999.051908222725615, 6179996.526653240434825 ], [ 639999.692153434734792, 6169994.97586050722748 ], [ 630001.054620893788524, 6169997.480695611797273 ] ] ] ] } },
{ "type": "Feature", "properties": { "cellId": "10km_617_64", "Nedboer": null, "Nedbeor": null }, "geometry": { "type": "MultiPolygon", "coordinates": [ [ [ [ 639999.692153434734792, 6169994.97586050722748 ], [ 639999.051908222725615, 6179996.526653240434825 ], [ 650001.719620037591085, 6179995.86575168184936 ], [ 649999.74799937417265, 6170004.251083158887923 ], [ 639999.692153434734792, 6169994.97586050722748 ] ] ] ] } },
{ "type": "Feature", "properties": { "cellId": "10km_617_65", "Nedboer": null, "Nedbeor": null }, "geometry": { "type": "MultiPolygon", "coordinates": [ [ [ [ 649999.74799937417265, 6170004.251083158887923 ], [ 650001.719620037591085, 6179995.86575168184936 ], [ 660000.039369747741148, 6179995.723631240427494 ], [ 660002.08649725408759, 6170003.062541750259697 ], [ 649999.74799937417265, 6170004.251083158887923 ] ] ] ] } },
{ "type": "Feature", "properties": { "cellId": "10km_617_66", "Nedboer": null, "Nedbeor": null }, "geometry": { "type": "MultiPolygon", "coordinates": [ [ [ [ 660002.08649725408759, 6170003.062541750259697 ], [ 660000.039369747741148, 6179995.723631240427494 ], [ 670000.412233162322082, 6179996.310784367844462 ], [ 670000.184545883326791, 6170002.29961668048054 ], [ 660002.08649725408759, 6170003.062541750259697 ] ] ] ] } },
{ "type": "Feature", "properties": { "cellId": "10km_617_67", "Nedboer": null, "Nedbeor": null }, "geometry": { "type": "MultiPolygon", "coordinates": [ [ [ [ 670000.184545883326791, 6170002.29961668048054 ], [ 670000.412233162322082, 6179996.310784367844462 ], [ 680002.96330679114908, 6179997.636211762204766 ], [ 680000.457681899541058, 6170002.18746423535049 ], [ 670000.184545883326791, 6170002.29961668048054 ] ] ] ] } },
{ "type": "Feature", "properties": { "cellId": "10km_617_68", "Nedboer": null, "Nedbeor": null }, "geometry": { "type": "MultiPolygon", "coordinates": [ [ [ [ 680000.457681899541058, 6170002.18746423535049 ], [ 680002.96330679114908, 6179997.636211762204766 ], [ 690001.540441520744935, 6179999.435247245244682 ], [ 690003.030825083144009, 6170002.735541107133031 ], [ 680000.457681899541058, 6170002.18746423535049 ] ] ] ] } },
{ "type": "Feature", "properties": { "cellId": "10km_617_69", "Nedboer": null, "Nedbeor": null }, "geometry": { "type": "MultiPolygon", "coordinates": [ [ [ [ 690003.030825083144009, 6170002.735541107133031 ], [ 690001.540441520744935, 6179999.435247245244682 ], [ 700002.545385372708552, 6180001.963291684165597 ], [ 700001.73692687926814, 6170003.665504080243409 ], [ 690003.030825083144009, 6170002.735541107133031 ] ] ] ] } },
{ "type": "Feature", "properties": { "cellId": "10km_617_70", "Nedboer": null, "Nedbeor": null }, "geometry": { "type": "MultiPolygon", "coordinates": [ [ [ [ 700001.73692687926814, 6170003.665504080243409 ], [ 700002.545385372708552, 6180001.963291684165597 ], [ 709999.825337353162467, 6180004.927873316220939 ], [ 709996.699964513885789, 6170004.944608760997653 ], [ 700001.73692687926814, 6170003.665504080243409 ] ] ] ] } },
{ "type": "Feature", "properties": { "cellId": "10km_617_71", "Nedboer": null, "Nedbeor": null }, "geometry": { "type": "MultiPolygon", "coordinates": [ [ [ [ 709996.699964513885789, 6170004.944608760997653 ], [ 709999.825337353162467, 6180004.927873316220939 ], [ 720000.345010967925191, 6179997.492719880305231 ], [ 720001.189619477139786, 6169996.053430829197168 ], [ 709996.699964513885789, 6170004.944608760997653 ] ] ] ] } },
{ "type": "Feature", "properties": { "cellId": "10km_617_72", "Nedboer": null, "Nedbeor": null }, "geometry": { "type": "MultiPolygon", "coordinates": [ [ [ [ 720001.189619477139786, 6169996.053430829197168 ], [ 720000.345010967925191, 6179997.492719880305231 ], [ 729996.851475187810138, 6180001.581478961743414 ], [ 730001.650130689726211, 6169998.627407390624285 ], [ 720001.189619477139786, 6169996.053430829197168 ] ] ] ] } },
{ "type": "Feature", "properties": { "cellId": "10km_617_73", "Nedboer": null, "Nedbeor": null }, "geometry": { "type": "MultiPolygon", "coordinates": [ [ [ [ 730001.650130689726211, 6169998.627407390624285 ], [ 729996.851475187810138, 6180001.581478961743414 ], [ 740003.176871802425012, 6179995.613363223150373 ], [ 739998.740428836317733, 6170001.513152306899428 ], [ 730001.650130689726211, 6169998.627407390624285 ] ] ] ] } },
{ "type": "Feature", "properties": { "cellId": "10km_618_44", "Nedboer": null, "Nedbeor": null }, "geometry": { "type": "MultiPolygon", "coordinates": [ [ [ [ 439998.947811808611732, 6180005.273521596565843 ], [ 439999.187994400737807, 6190000.847593245096505 ], [ 449998.385877454420552, 6189996.386340382508934 ], [ 450002.362533331732266, 6180001.187962007708848 ], [ 439998.947811808611732, 6180005.273521596565843 ] ] ] ] } },
{ "type": "Feature", "properties": { "cellId": "10km_618_45", "Nedboer": null, "Nedbeor": null }, "geometry": { "type": "MultiPolygon", "coordinates": [ [ [ [ 450002.362533331732266, 6180001.187962007708848 ], [ 449998.385877454420552, 6189996.386340382508934 ], [ 459997.059644832334016, 6190003.86427618842572 ], [ 459998.87654541892698, 6179997.912258318625391 ], [ 450002.362533331732266, 6180001.187962007708848 ] ] ] ] } },
{ "type": "Feature", "properties": { "cellId": "10km_618_46", "Nedboer": null, "Nedbeor": null }, "geometry": { "type": "MultiPolygon", "coordinates": [ [ [ [ 459998.87654541892698, 6179997.912258318625391 ], [ 459997.059644832334016, 6190003.86427618842572 ], [ 470001.363626577833202, 6190000.977304086089134 ], [ 470001.164309837273322, 6179995.314108948223293 ], [ 459998.87654541892698, 6179997.912258318625391 ] ] ] ] } },
{ "type": "Feature", "properties": { "cellId": "10km_618_47", "Nedboer": null, "Nedbeor": null }, "geometry": { "type": "MultiPolygon", "coordinates": [ [ [ [ 470001.164309837273322, 6179995.314108948223293 ], [ 470001.363626577833202, 6190000.977304086089134 ], [ 479999.031359790475108, 6189998.953691109083593 ], [ 480003.127579952066299, 6180004.593004888854921 ], [ 470001.164309837273322, 6179995.314108948223293 ] ] ] ] } },
{ "type": "Feature", "properties": { "cellId": "10km_618_48", "Nedboer": null, "Nedbeor": null }, "geometry": { "type": "MultiPolygon", "coordinates": [ [ [ [ 480003.127579952066299, 6180004.593004888854921 ], [ 479999.031359790475108, 6189998.953691109083593 ], [ 490002.708391510299407, 6189997.719847656786442 ], [ 489998.489160166122019, 6180003.503588501363993 ], [ 480003.127579952066299, 6180004.593004888854921 ] ] ] ] } },
{ "type": "Feature", "properties": { "cellId": "10km_618_49", "Nedboer": null, "Nedbeor": null }, "geometry": { "type": "MultiPolygon", "coordinates": [ [ [ [ 489998.489160166122019, 6180003.503588501363993 ], [ 490002.708391510299407, 6189997.719847656786442 ], [ 500000.0, 6189997.318286315537989 ], [ 500000.0, 6180003.130920414812863 ], [ 489998.489160166122019, 6180003.503588501363993 ] ] ] ] } },
{ "type": "Feature", "properties": { "cellId": "10km_618_50", "Nedboer": null, "Nedbeor": null }, "geometry": { "type": "MultiPolygon", "coordinates": [ [ [ [ 500000.0, 6180003.130920414812863 ], [ 500000.0, 6189997.318286315537989 ], [ 509997.291608489700593, 6189997.719847656786442 ], [ 510001.510839833877981, 6180003.503588501363993 ], [ 500000.0, 6180003.130920414812863 ] ] ] ] } },
{ "type": "Feature", "properties": { "cellId": "10km_618_51", "Nedboer": null, "Nedbeor": null }, "geometry": { "type": "MultiPolygon", "coordinates": [ [ [ [ 510001.510839833877981, 6180003.503588501363993 ], [ 509997.291608489700593, 6189997.719847656786442 ], [ 520000.968640209641308, 6189998.953691109083593 ], [ 519996.872420047933701, 6180004.593004888854921 ], [ 510001.510839833877981, 6180003.503588501363993 ] ] ] ] } },
{ "type": "Feature", "properties": { "cellId": "10km_618_52", "Nedboer": null, "Nedbeor": null }, "geometry": { "type": "MultiPolygon", "coordinates": [ [ [ [ 519996.872420047933701, 6180004.593004888854921 ], [ 520000.968640209641308, 6189998.953691109083593 ], [ 529998.636373422108591, 6190000.977304086089134 ], [ 529998.835690162843093, 6179995.314108948223293 ], [ 519996.872420047933701, 6180004.593004888854921 ] ] ] ] } },
{ "type": "Feature", "properties": { "cellId": "10km_618_53", "Nedboer": null, "Nedbeor": null }, "geometry": { "type": "MultiPolygon", "coordinates": [ [ [ [ 529998.835690162843093, 6179995.314108948223293 ], [ 529998.636373422108591, 6190000.977304086089134 ], [ 540002.940355167724192, 6190003.86427618842572 ], [ 540001.123454581131227, 6179997.912258318625391 ], [ 529998.835690162843093, 6179995.314108948223293 ] ] ] ] } },
{ "type": "Feature", "properties": { "cellId": "10km_618_54", "Nedboer": null, "Nedbeor": null }, "geometry": { "type": "MultiPolygon", "coordinates": [ [ [ [ 540001.123454581131227, 6179997.912258318625391 ], [ 540002.940355167724192, 6190003.86427618842572 ], [ 550001.614122545579448, 6189996.386340382508934 ], [ 549997.637466668267734, 6180001.187962007708848 ], [ 540001.123454581131227, 6179997.912258318625391 ] ] ] ] } },
{ "type": "Feature", "properties": { "cellId": "10km_618_55", "Nedboer": null, "Nedbeor": null }, "geometry": { "type": "MultiPolygon", "coordinates": [ [ [ [ 549997.637466668267734, 6180001.187962007708848 ], [ 550001.614122545579448, 6189996.386340382508934 ], [ 560000.812005599262193, 6190000.847593245096505 ], [ 560001.052188191446476, 6180005.273521596565843 ], [ 549997.637466668267734, 6180001.187962007708848 ] ] ] ] } },
{ "type": "Feature", "properties": { "cellId": "10km_618_56", "Nedboer": null, "Nedbeor": null }, "geometry": { "type": "MultiPolygon", "coordinates": [ [ [ [ 560001.052188191446476, 6180005.273521596565843 ], [ 560000.812005599262193, 6190000.847593245096505 ], [ 570000.941841943189502, 6189994.993155025877059 ], [ 569999.122565876459703, 6179998.884670593775809 ], [ 560001.052188191446476, 6180005.273521596565843 ] ] ] ] } },
{ "type": "Feature", "properties": { "cellId": "10km_618_57", "Nedboer": null, "Nedbeor": null }, "geometry": { "type": "MultiPolygon", "coordinates": [ [ [ [ 569999.122565876459703, 6179998.884670593775809 ], [ 570000.941841943189502, 6189994.993155025877059 ], [ 580001.795171160367317, 6190001.084166250191629 ], [ 579997.915749715990387, 6180004.354357150383294 ], [ 569999.122565876459703, 6179998.884670593775809 ] ] ] ] } },
{ "type": "Feature", "properties": { "cellId": "10km_618_58", "Nedboer": null, "Nedbeor": null }, "geometry": { "type": "MultiPolygon", "coordinates": [ [ [ [ 579997.915749715990387, 6180004.354357150383294 ], [ 580001.795171160367317, 6190001.084166250191629 ], [ 589997.621869603055529, 6189996.73767033778131 ], [ 589997.940779884695075, 6179999.429901394061744 ], [ 579997.915749715990387, 6180004.354357150383294 ] ] ] ] } },
{ "type": "Feature", "properties": { "cellId": "10km_618_59", "Nedboer": null, "Nedbeor": null }, "geometry": { "type": "MultiPolygon", "coordinates": [ [ [ [ 589997.940779884695075, 6179999.429901394061744 ], [ 589997.621869603055529, 6189996.73767033778131 ], [ 600000.631956928758882, 6190004.460496690124273 ], [ 599999.143704977468587, 6179995.244520192034543 ], [ 589997.940779884695075, 6179999.429901394061744 ] ] ] ] } },
{ "type": "Feature", "properties": { "cellId": "10km_618_60", "Nedboer": null, "Nedbeor": null }, "geometry": { "type": "MultiPolygon", "coordinates": [ [ [ [ 599999.143704977468587, 6179995.244520192034543 ], [ 600000.631956928758882, 6190004.460496690124273 ], [ 609998.917151963338256, 6190001.727423214353621 ], [ 610001.36824801331386, 6180002.930823696777225 ], [ 599999.143704977468587, 6179995.244520192034543 ] ] ] ] } },
{ "type": "Feature", "properties": { "cellId": "10km_618_64", "Nedboer": null, "Nedbeor": null }, "geometry": { "type": "MultiPolygon", "coordinates": [ [ [ [ 639999.051908222725615, 6179996.526653240434825 ], [ 640002.853916081599891, 6189998.402743585407734 ], [ 650001.349194419919513, 6189998.725703988224268 ], [ 650001.719620037591085, 6179995.86575168184936 ], [ 639999.051908222725615, 6179996.526653240434825 ] ] ] ] } },
{ "type": "Feature", "properties": { "cellId": "10km_618_65", "Nedboer": null, "Nedbeor": null }, "geometry": { "type": "MultiPolygon", "coordinates": [ [ [ [ 650001.719620037591085, 6179995.86575168184936 ], [ 650001.349194419919513, 6189998.725703988224268 ], [ 660001.77525032509584, 6189999.856579997576773 ], [ 660000.039369747741148, 6179995.723631240427494 ], [ 650001.719620037591085, 6179995.86575168184936 ] ] ] ] } },
{ "type": "Feature", "properties": { "cellId": "10km_618_66", "Nedboer": null, "Nedbeor": null }, "geometry": { "type": "MultiPolygon", "coordinates": [ [ [ [ 660000.039369747741148, 6179995.723631240427494 ], [ 660001.77525032509584, 6189999.856579997576773 ], [ 669997.995110476622358, 6190001.558315024711192 ], [ 670000.412233162322082, 6179996.310784367844462 ], [ 660000.039369747741148, 6179995.723631240427494 ] ] ] ] } },
{ "type": "Feature", "properties": { "cellId": "10km_618_67", "Nedboer": null, "Nedbeor": null }, "geometry": { "type": "MultiPolygon", "coordinates": [ [ [ [ 670000.412233162322082, 6179996.310784367844462 ], [ 669997.995110476622358, 6190001.558315024711192 ], [ 680002.65827237884514, 6190004.316716038621962 ], [ 680002.96330679114908, 6179997.636211762204766 ], [ 670000.412233162322082, 6179996.310784367844462 ] ] ] ] } },
{ "type": "Feature", "properties": { "cellId": "10km_618_68", "Nedboer": null, "Nedbeor": null }, "geometry": { "type": "MultiPolygon", "coordinates": [ [ [ [ 680002.96330679114908, 6179997.636211762204766 ], [ 680002.65827237884514, 6190004.316716038621962 ], [ 689997.589962900849059, 6189996.237624362111092 ], [ 690001.540441520744935, 6179999.435247245244682 ], [ 680002.96330679114908, 6179997.636211762204766 ] ] ] ] } },
{ "type": "Feature", "properties": { "cellId": "10km_618_69", "Nedboer": null, "Nedbeor": null }, "geometry": { "type": "MultiPolygon", "coordinates": [ [ [ [ 690001.540441520744935, 6179999.435247245244682 ], [ 689997.589962900849059, 6189996.237624362111092 ], [ 700000.753503472544253, 6190000.359241434372962 ], [ 700002.545385372708552, 6180001.963291684165597 ], [ 690001.540441520744935, 6179999.435247245244682 ] ] ] ] } },
{ "type": "Feature", "properties": { "cellId": "10km_618_70", "Nedboer": null, "Nedbeor": null }, "geometry": { "type": "MultiPolygon", "coordinates": [ [ [ [ 700002.545385372708552, 6180001.963291684165597 ], [ 700000.753503472544253, 6190000.359241434372962 ], [ 710000.210109174135141, 6190005.004580154083669 ], [ 709999.825337353162467, 6180004.927873316220939 ], [ 700002.545385372708552, 6180001.963291684165597 ] ] ] ] } },
{ "type": "Feature", "properties": { "cellId": "10km_618_71", "Nedboer": null, "Nedbeor": null }, "geometry": { "type": "MultiPolygon", "coordinates": [ [ [ [ 709999.825337353162467, 6180004.927873316220939 ], [ 710000.210109174135141, 6190005.004580154083669 ], [ 720002.91213750152383, 6189999.337685082107782 ], [ 720000.345010967925191, 6179997.492719880305231 ], [ 709999.825337353162467, 6180004.927873316220939 ] ] ] ] } },
{ "type": "Feature", "properties": { "cellId": "10km_618_72", "Nedboer": null, "Nedbeor": null }, "geometry": { "type": "MultiPolygon", "coordinates": [ [ [ [ 720000.345010967925191, 6179997.492719880305231 ], [ 720002.91213750152383, 6189999.337685082107782 ], [ 730001.617558320984244, 6190005.282088692300022 ], [ 729996.851475187810138, 6180001.581478961743414 ], [ 720000.345010967925191, 6179997.492719880305231 ] ] ] ] } },
{ "type": "Feature", "properties": { "cellId": "10km_619_44", "Nedboer": null, "Nedbeor": null }, "geometry": { "type": "MultiPolygon", "coordinates": [ [ [ [ 439999.187994400737807, 6190000.847593245096505 ], [ 440000.212527073919773, 6199996.564027492888272 ], [ 450001.456698581401724, 6200002.785461221821606 ], [ 449998.385877454420552, 6189996.386340382508934 ], [ 439999.187994400737807, 6190000.847593245096505 ] ] ] ] } },
{ "type": "Feature", "properties": { "cellId": "10km_619_45", "Nedboer": null, "Nedbeor": null }, "geometry": { "type": "MultiPolygon", "coordinates": [ [ [ [ 449998.385877454420552, 6189996.386340382508934 ], [ 450001.456698581401724, 6200002.785461221821606 ], [ 460001.918586572748609, 6199998.774276303127408 ], [ 459997.059644832334016, 6190003.86427618842572 ], [ 449998.385877454420552, 6189996.386340382508934 ] ] ] ] } },
{ "type": "Feature", "properties": { "cellId": "10km_619_46", "Nedboer": null, "Nedbeor": null }, "geometry": { "type": "MultiPolygon", "coordinates": [ [ [ [ 459997.059644832334016, 6190003.86427618842572 ], [ 460001.918586572748609, 6199998.774276303127408 ], [ 470001.878322947013658, 6199995.65703568328172 ], [ 470001.363626577833202, 6190000.977304086089134 ], [ 459997.059644832334016, 6190003.86427618842572 ] ] ] ] } },
{ "type": "Feature", "properties": { "cellId": "10km_619_47", "Nedboer": null, "Nedbeor": null }, "geometry": { "type": "MultiPolygon", "coordinates": [ [ [ [ 470001.363626577833202, 6190000.977304086089134 ], [ 470001.878322947013658, 6199995.65703568328172 ], [ 480001.512977001490071, 6200004.561376388184726 ], [ 479999.031359790475108, 6189998.953691109083593 ], [ 470001.363626577833202, 6190000.977304086089134 ] ] ] ] } },
{ "type": "Feature", "properties": { "cellId": "10km_619_48", "Nedboer": null, "Nedbeor": null }, "geometry": { "type": "MultiPolygon", "coordinates": [ [ [ [ 479999.031359790475108, 6189998.953691109083593 ], [ 480001.512977001490071, 6200004.561376388184726 ], [ 490000.819257540104445, 6200003.226841894909739 ], [ 490002.708391510299407, 6189997.719847656786442 ], [ 479999.031359790475108, 6189998.953691109083593 ] ] ] ] } },
{ "type": "Feature", "properties": { "cellId": "10km_619_49", "Nedboer": null, "Nedbeor": null }, "geometry": { "type": "MultiPolygon", "coordinates": [ [ [ [ 490002.708391510299407, 6189997.719847656786442 ], [ 490000.819257540104445, 6200003.226841894909739 ], [ 500000.0, 6200002.782088845968246 ], [ 500000.0, 6189997.318286315537989 ], [ 490002.708391510299407, 6189997.719847656786442 ] ] ] ] } },
{ "type": "Feature", "properties": { "cellId": "10km_619_50", "Nedboer": null, "Nedbeor": null }, "geometry": { "type": "MultiPolygon", "coordinates": [ [ [ [ 500000.0, 6189997.318286315537989 ], [ 500000.0, 6200002.782088845968246 ], [ 509999.180742459953763, 6200003.226841894909739 ], [ 509997.291608489700593, 6189997.719847656786442 ], [ 500000.0, 6189997.318286315537989 ] ] ] ] } },
{ "type": "Feature", "properties": { "cellId": "10km_619_51", "Nedboer": null, "Nedbeor": null }, "geometry": { "type": "MultiPolygon", "coordinates": [ [ [ [ 509997.291608489700593, 6189997.719847656786442 ], [ 509999.180742459953763, 6200003.226841894909739 ], [ 519998.487022998509929, 6200004.561376388184726 ], [ 520000.968640209641308, 6189998.953691109083593 ], [ 509997.291608489700593, 6189997.719847656786442 ] ] ] ] } },
{ "type": "Feature", "properties": { "cellId": "10km_619_52", "Nedboer": null, "Nedbeor": null }, "geometry": { "type": "MultiPolygon", "coordinates": [ [ [ [ 520000.968640209641308, 6189998.953691109083593 ], [ 519998.487022998509929, 6200004.561376388184726 ], [ 529998.12167705304455, 6199995.65703568328172 ], [ 529998.636373422108591, 6190000.977304086089134 ], [ 520000.968640209641308, 6189998.953691109083593 ] ] ] ] } },
{ "type": "Feature", "properties": { "cellId": "10km_619_53", "Nedboer": null, "Nedbeor": null }, "geometry": { "type": "MultiPolygon", "coordinates": [ [ [ [ 529998.636373422108591, 6190000.977304086089134 ], [ 529998.12167705304455, 6199995.65703568328172 ], [ 539998.081413427251391, 6199998.774276303127408 ], [ 540002.940355167724192, 6190003.86427618842572 ], [ 529998.636373422108591, 6190000.977304086089134 ] ] ] ] } },
{ "type": "Feature", "properties": { "cellId": "10km_619_54", "Nedboer": null, "Nedbeor": null }, "geometry": { "type": "MultiPolygon", "coordinates": [ [ [ [ 540002.940355167724192, 6190003.86427618842572 ], [ 539998.081413427251391, 6199998.774276303127408 ], [ 549998.543301418656483, 6200002.785461221821606 ], [ 550001.614122545579448, 6189996.386340382508934 ], [ 540002.940355167724192, 6190003.86427618842572 ] ] ] ] } },
{ "type": "Feature", "properties": { "cellId": "10km_619_55", "Nedboer": null, "Nedbeor": null }, "geometry": { "type": "MultiPolygon", "coordinates": [ [ [ [ 550001.614122545579448, 6189996.386340382508934 ], [ 549998.543301418656483, 6200002.785461221821606 ], [ 559999.787472926196642, 6199996.564027492888272 ], [ 560000.812005599262193, 6190000.847593245096505 ], [ 550001.614122545579448, 6189996.386340382508934 ] ] ] ] } },
{ "type": "Feature", "properties": { "cellId": "10km_619_56", "Nedboer": null, "Nedbeor": null }, "geometry": { "type": "MultiPolygon", "coordinates": [ [ [ [ 560000.812005599262193, 6190000.847593245096505 ], [ 559999.787472926196642, 6199996.564027492888272 ], [ 570001.656041681417264, 6200002.371298497542739 ], [ 570000.941841943189502, 6189994.993155025877059 ], [ 560000.812005599262193, 6190000.847593245096505 ] ] ] ] } },
{ "type": "Feature", "properties": { "cellId": "10km_619_57", "Nedboer": null, "Nedbeor": null }, "geometry": { "type": "MultiPolygon", "coordinates": [ [ [ [ 570000.941841943189502, 6189994.993155025877059 ], [ 570001.656041681417264, 6200002.371298497542739 ], [ 579998.36342972330749, 6199997.837363498285413 ], [ 580001.795171160367317, 6190001.084166250191629 ], [ 570000.941841943189502, 6189994.993155025877059 ] ] ] ] } },
{ "type": "Feature", "properties": { "cellId": "10km_619_59", "Nedboer": null, "Nedbeor": null }, "geometry": { "type": "MultiPolygon", "coordinates": [ [ [ [ 589997.621869603055529, 6189996.73767033778131 ], [ 590002.140706336009316, 6200005.440702171996236 ], [ 600001.059105744585395, 6200002.683337691240013 ], [ 600000.631956928758882, 6190004.460496690124273 ], [ 589997.621869603055529, 6189996.73767033778131 ] ] ] ] } },
{ "type": "Feature", "properties": { "cellId": "10km_619_60", "Nedboer": null, "Nedbeor": null }, "geometry": { "type": "MultiPolygon", "coordinates": [ [ [ [ 600000.631956928758882, 6190004.460496690124273 ], [ 600001.059105744585395, 6200002.683337691240013 ], [ 610001.284064077655785, 6200000.814862068742514 ], [ 609998.917151963338256, 6190001.727423214353621 ], [ 600000.631956928758882, 6190004.460496690124273 ] ] ] ] } },
{ "type": "Feature", "properties": { "cellId": "10km_619_63", "Nedboer": null, "Nedbeor": null }, "geometry": { "type": "MultiPolygon", "coordinates": [ [ [ [ 629999.902814670465887, 6189998.691907658241689 ], [ 629999.908753860741854, 6199999.580617792904377 ], [ 639998.559055389137939, 6200000.19931132812053 ], [ 640002.853916081599891, 6189998.402743585407734 ], [ 629999.902814670465887, 6189998.691907658241689 ] ] ] ] } },
{ "type": "Feature", "properties": { "cellId": "10km_619_64", "Nedboer": null, "Nedbeor": null }, "geometry": { "type": "MultiPolygon", "coordinates": [ [ [ [ 640002.853916081599891, 6189998.402743585407734 ], [ 639998.559055389137939, 6200000.19931132812053 ], [ 649999.017425513942726, 6200001.704740597866476 ], [ 650001.349194419919513, 6189998.725703988224268 ], [ 640002.853916081599891, 6189998.402743585407734 ] ] ] ] } },
{ "type": "Feature", "properties": { "cellId": "10km_619_65", "Nedboer": null, "Nedbeor": null }, "geometry": { "type": "MultiPolygon", "coordinates": [ [ [ [ 650001.349194419919513, 6189998.725703988224268 ], [ 649999.017425513942726, 6200001.704740597866476 ], [ 660001.409310943330638, 6200004.104966714046896 ], [ 660001.77525032509584, 6189999.856579997576773 ], [ 650001.349194419919513, 6189998.725703988224268 ] ] ] ] } },
{ "type": "Feature", "properties": { "cellId": "10km_619_66", "Nedboer": null, "Nedbeor": null }, "geometry": { "type": "MultiPolygon", "coordinates": [ [ [ [ 660001.77525032509584, 6189999.856579997576773 ], [ 660001.409310943330638, 6200004.104966714046896 ], [ 670000.05014434363693, 6199996.037831733934581 ], [ 669997.995110476622358, 6190001.558315024711192 ], [ 660001.77525032509584, 6189999.856579997576773 ] ] ] ] } },
{ "type": "Feature", "properties": { "cellId": "10km_619_67", "Nedboer": null, "Nedbeor": null }, "geometry": { "type": "MultiPolygon", "coordinates": [ [ [ [ 669997.995110476622358, 6190001.558315024711192 ], [ 670000.05014434363693, 6199996.037831733934581 ], [ 680000.462807934731245, 6199999.979802900925279 ], [ 680002.65827237884514, 6190004.316716038621962 ], [ 669997.995110476622358, 6190001.558315024711192 ] ] ] ] } },
{ "type": "Feature", "properties": { "cellId": "10km_619_68", "Nedboer": null, "Nedbeor": null }, "geometry": { "type": "MultiPolygon", "coordinates": [ [ [ [ 680002.65827237884514, 6190004.316716038621962 ], [ 680000.462807934731245, 6199999.979802900925279 ], [ 689996.936418819241226, 6200004.540342520922422 ], [ 689997.589962900849059, 6189996.237624362111092 ], [ 680002.65827237884514, 6190004.316716038621962 ] ] ] ] } },
{ "type": "Feature", "properties": { "cellId": "10km_619_69", "Nedboer": null, "Nedbeor": null }, "geometry": { "type": "MultiPolygon", "coordinates": [ [ [ [ 689997.589962900849059, 6189996.237624362111092 ], [ 689996.936418819241226, 6200004.540342520922422 ], [ 700002.607654069317505, 6199999.141680254600942 ], [ 700000.753503472544253, 6190000.359241434372962 ], [ 689997.589962900849059, 6189996.237624362111092 ] ] ] ] } },
{ "type": "Feature", "properties": { "cellId": "10km_619_70", "Nedboer": null, "Nedbeor": null }, "geometry": { "type": "MultiPolygon", "coordinates": [ [ [ [ 700000.753503472544253, 6190000.359241434372962 ], [ 700002.607654069317505, 6199999.141680254600942 ], [ 709997.85188188997563, 6200005.173725544475019 ], [ 710000.210109174135141, 6190005.004580154083669 ], [ 700000.753503472544253, 6190000.359241434372962 ] ] ] ] } },
{ "type": "Feature", "properties": { "cellId": "10km_619_71", "Nedboer": null, "Nedbeor": null }, "geometry": { "type": "MultiPolygon", "coordinates": [ [ [ [ 710000.210109174135141, 6190005.004580154083669 ], [ 709997.85188188997563, 6200005.173725544475019 ], [ 720002.595844760769978, 6200001.270069275982678 ], [ 720002.91213750152383, 6189999.337685082107782 ], [ 710000.210109174135141, 6190005.004580154083669 ] ] ] ] } },
{ "type": "Feature", "properties": { "cellId": "10km_619_72", "Nedboer": null, "Nedbeor": null }, "geometry": { "type": "MultiPolygon", "coordinates": [ [ [ [ 720002.91213750152383, 6189999.337685082107782 ], [ 720002.595844760769978, 6200001.270069275982678 ], [ 729997.702108701108955, 6199997.611215338110924 ], [ 730001.617558320984244, 6190005.282088692300022 ], [ 720002.91213750152383, 6189999.337685082107782 ] ] ] ] } },
{ "type": "Feature", "properties": { "cellId": "10km_620_44", "Nedboer": null, "Nedbeor": null }, "geometry": { "type": "MultiPolygon", "coordinates": [ [ [ [ 440000.212527073919773, 6199996.564027492888272 ], [ 440002.177211185393389, 6210003.551773331128061 ], [ 449998.81236698286375, 6209998.271338718943298 ], [ 450001.456698581401724, 6200002.785461221821606 ], [ 440000.212527073919773, 6199996.564027492888272 ] ] ] ] } },
{ "type": "Feature", "properties": { "cellId": "10km_620_45", "Nedboer": null, "Nedbeor": null }, "geometry": { "type": "MultiPolygon", "coordinates": [ [ [ [ 450001.456698581401724, 6200002.785461221821606 ], [ 449998.81236698286375, 6209998.271338718943298 ], [ 460001.153774394246284, 6210005.016245684586465 ], [ 460001.918586572748609, 6199998.774276303127408 ], [ 450001.456698581401724, 6200002.785461221821606 ] ] ] ] } },
{ "type": "Feature", "properties": { "cellId": "10km_620_46", "Nedboer": null, "Nedbeor": null }, "geometry": { "type": "MultiPolygon", "coordinates": [ [ [ [ 460001.918586572748609, 6199998.774276303127408 ], [ 460001.153774394246284, 6210005.016245684586465 ], [ 470002.863077572430484, 6210001.611909628845751 ], [ 470001.878322947013658, 6199995.65703568328172 ], [ 460001.918586572748609, 6199998.774276303127408 ] ] ] ] } },
{ "type": "Feature", "properties": { "cellId": "10km_620_47", "Nedboer": null, "Nedbeor": null }, "geometry": { "type": "MultiPolygon", "coordinates": [ [ [ [ 470001.878322947013658, 6199995.65703568328172 ], [ 470002.863077572430484, 6210001.611909628845751 ], [ 479997.964121309632901, 6209999.214715039357543 ], [ 480001.512977001490071, 6200004.561376388184726 ], [ 470001.878322947013658, 6199995.65703568328172 ] ] ] ] } },
{ "type": "Feature", "properties": { "cellId": "10km_620_48", "Nedboer": null, "Nedbeor": null }, "geometry": { "type": "MultiPolygon", "coordinates": [ [ [ [ 480001.512977001490071, 6200004.561376388184726 ], [ 479997.964121309632901, 6209999.214715039357543 ], [ 489999.044916368962731, 6209997.750897676683962 ], [ 490000.819257540104445, 6200003.226841894909739 ], [ 480001.512977001490071, 6200004.561376388184726 ] ] ] ] } },
{ "type": "Feature", "properties": { "cellId": "10km_620_49", "Nedboer": null, "Nedbeor": null }, "geometry": { "type": "MultiPolygon", "coordinates": [ [ [ [ 490000.819257540104445, 6200003.226841894909739 ], [ 489999.044916368962731, 6209997.750897676683962 ], [ 500000.0, 6209997.26305113825947 ], [ 500000.0, 6200002.782088845968246 ], [ 490000.819257540104445, 6200003.226841894909739 ] ] ] ] } },
{ "type": "Feature", "properties": { "cellId": "10km_620_50", "Nedboer": null, "Nedbeor": null }, "geometry": { "type": "MultiPolygon", "coordinates": [ [ [ [ 500000.0, 6200002.782088845968246 ], [ 500000.0, 6209997.26305113825947 ], [ 510000.955083631153684, 6209997.750897676683962 ], [ 509999.180742459953763, 6200003.226841894909739 ], [ 500000.0, 6200002.782088845968246 ] ] ] ] } },
{ "type": "Feature", "properties": { "cellId": "10km_620_51", "Nedboer": null, "Nedbeor": null }, "geometry": { "type": "MultiPolygon", "coordinates": [ [ [ [ 509999.180742459953763, 6200003.226841894909739 ], [ 510000.955083631153684, 6209997.750897676683962 ], [ 520002.035878690367099, 6209999.214715039357543 ], [ 519998.487022998509929, 6200004.561376388184726 ], [ 509999.180742459953763, 6200003.226841894909739 ] ] ] ] } },
{ "type": "Feature", "properties": { "cellId": "10km_620_52", "Nedboer": null, "Nedbeor": null }, "geometry": { "type": "MultiPolygon", "coordinates": [ [ [ [ 519998.487022998509929, 6200004.561376388184726 ], [ 520002.035878690367099, 6209999.214715039357543 ], [ 529997.136922427569516, 6210001.611909628845751 ], [ 529998.12167705304455, 6199995.65703568328172 ], [ 519998.487022998509929, 6200004.561376388184726 ] ] ] ] } },
{ "type": "Feature", "properties": { "cellId": "10km_620_53", "Nedboer": null, "Nedbeor": null }, "geometry": { "type": "MultiPolygon", "coordinates": [ [ [ [ 529998.12167705304455, 6199995.65703568328172 ], [ 529997.136922427569516, 6210001.611909628845751 ], [ 539998.846225605695508, 6210005.016245684586465 ], [ 539998.081413427251391, 6199998.774276303127408 ], [ 529998.12167705304455, 6199995.65703568328172 ] ] ] ] } },
{ "type": "Feature", "properties": { "cellId": "10km_620_54", "Nedboer": null, "Nedbeor": null }, "geometry": { "type": "MultiPolygon", "coordinates": [ [ [ [ 539998.081413427251391, 6199998.774276303127408 ], [ 539998.846225605695508, 6210005.016245684586465 ], [ 550001.187633017194457, 6209998.271338718943298 ], [ 549998.543301418656483, 6200002.785461221821606 ], [ 539998.081413427251391, 6199998.774276303127408 ] ] ] ] } },
{ "type": "Feature", "properties": { "cellId": "10km_620_55", "Nedboer": null, "Nedbeor": null }, "geometry": { "type": "MultiPolygon", "coordinates": [ [ [ [ 549998.543301418656483, 6200002.785461221821606 ], [ 550001.187633017194457, 6209998.271338718943298 ], [ 559997.822788814664818, 6210003.551773331128061 ], [ 559999.787472926196642, 6199996.564027492888272 ], [ 549998.543301418656483, 6200002.785461221821606 ] ] ] ] } },
{ "type": "Feature", "properties": { "cellId": "10km_620_56", "Nedboer": null, "Nedbeor": null }, "geometry": { "type": "MultiPolygon", "coordinates": [ [ [ [ 559999.787472926196642, 6199996.564027492888272 ], [ 559997.822788814664818, 6210003.551773331128061 ], [ 570001.624456195160747, 6209998.761323610320687 ], [ 570001.656041681417264, 6200002.371298497542739 ], [ 559999.787472926196642, 6199996.564027492888272 ] ] ] ] } },
{ "type": "Feature", "properties": { "cellId": "10km_620_57", "Nedboer": null, "Nedbeor": null }, "geometry": { "type": "MultiPolygon", "coordinates": [ [ [ [ 570001.656041681417264, 6200002.371298497542739 ], [ 570001.624456195160747, 6209998.761323610320687 ], [ 580000.126181703875773, 6209994.844892063178122 ], [ 579998.36342972330749, 6199997.837363498285413 ], [ 570001.656041681417264, 6200002.371298497542739 ] ] ] ] } },
{ "type": "Feature", "properties": { "cellId": "10km_620_58", "Nedboer": null, "Nedbeor": null }, "geometry": { "type": "MultiPolygon", "coordinates": [ [ [ [ 579998.36342972330749, 6199997.837363498285413 ], [ 580000.126181703875773, 6209994.844892063178122 ], [ 589999.45235509541817, 6210003.022045901045203 ], [ 590002.140706336009316, 6200005.440702171996236 ], [ 579998.36342972330749, 6199997.837363498285413 ] ] ] ] } },
{ "type": "Feature", "properties": { "cellId": "10km_620_59", "Nedboer": null, "Nedbeor": null }, "geometry": { "type": "MultiPolygon", "coordinates": [ [ [ [ 590002.140706336009316, 6200005.440702171996236 ], [ 589999.45235509541817, 6210003.022045901045203 ], [ 600000.1681117718108, 6210001.040380701422691 ], [ 600001.059105744585395, 6200002.683337691240013 ], [ 590002.140706336009316, 6200005.440702171996236 ] ] ] ] } },
{ "type": "Feature", "properties": { "cellId": "10km_620_64", "Nedboer": null, "Nedbeor": null }, "geometry": { "type": "MultiPolygon", "coordinates": [ [ [ [ 639998.559055389137939, 6200000.19931132812053 ], [ 639998.674325146479532, 6210002.320508156903088 ], [ 650000.955422183964401, 6210005.019407126121223 ], [ 649999.017425513942726, 6200001.704740597866476 ], [ 639998.559055389137939, 6200000.19931132812053 ] ] ] ] } },
{ "type": "Feature", "properties": { "cellId": "10km_620_65", "Nedboer": null, "Nedbeor": null }, "geometry": { "type": "MultiPolygon", "coordinates": [ [ [ [ 649999.017425513942726, 6200001.704740597866476 ], [ 650000.955422183964401, 6210005.019407126121223 ], [ 659999.353153901873156, 6209997.342565193772316 ], [ 660001.409310943330638, 6200004.104966714046896 ], [ 649999.017425513942726, 6200001.704740597866476 ] ] ] ] } },
{ "type": "Feature", "properties": { "cellId": "10km_620_66", "Nedboer": null, "Nedbeor": null }, "geometry": { "type": "MultiPolygon", "coordinates": [ [ [ [ 660001.409310943330638, 6200004.104966714046896 ], [ 659999.353153901873156, 6209997.342565193772316 ], [ 669999.424620637553744, 6210001.752998471260071 ], [ 670000.05014434363693, 6199996.037831733934581 ], [ 660001.409310943330638, 6200004.104966714046896 ] ] ] ] } },
{ "type": "Feature", "properties": { "cellId": "10km_620_67", "Nedboer": null, "Nedbeor": null }, "geometry": { "type": "MultiPolygon", "coordinates": [ [ [ [ 670000.05014434363693, 6199996.037831733934581 ], [ 669999.424620637553744, 6210001.752998471260071 ], [ 680002.148090390022844, 6209996.009421092458069 ], [ 680000.462807934731245, 6199999.979802900925279 ], [ 670000.05014434363693, 6199996.037831733934581 ] ] ] ] } },
{ "type": "Feature", "properties": { "cellId": "10km_620_68", "Nedboer": null, "Nedbeor": null }, "geometry": { "type": "MultiPolygon", "coordinates": [ [ [ [ 680000.462807934731245, 6199999.979802900925279 ], [ 680002.148090390022844, 6209996.009421092458069 ], [ 690000.510963199427351, 6210002.096023115329444 ], [ 689996.936418819241226, 6200004.540342520922422 ], [ 680000.462807934731245, 6199999.979802900925279 ] ] ] ] } },
{ "type": "Feature", "properties": { "cellId": "10km_620_69", "Nedboer": null, "Nedbeor": null }, "geometry": { "type": "MultiPolygon", "coordinates": [ [ [ [ 689996.936418819241226, 6200004.540342520922422 ], [ 690000.510963199427351, 6210002.096023115329444 ], [ 700001.827990624355152, 6209998.021034522913396 ], [ 700002.607654069317505, 6199999.141680254600942 ], [ 689996.936418819241226, 6200004.540342520922422 ] ] ] ] } },
{ "type": "Feature", "properties": { "cellId": "10km_620_70", "Nedboer": null, "Nedbeor": null }, "geometry": { "type": "MultiPolygon", "coordinates": [ [ [ [ 700002.607654069317505, 6199999.141680254600942 ], [ 700001.827990624355152, 6209998.021034522913396 ], [ 709999.525155606446788, 6209994.615822096355259 ], [ 709997.85188188997563, 6200005.173725544475019 ], [ 700002.607654069317505, 6199999.141680254600942 ] ] ] ] } },
{ "type": "Feature", "properties": { "cellId": "10km_620_71", "Nedboer": null, "Nedbeor": null }, "geometry": { "type": "MultiPolygon", "coordinates": [ [ [ [ 709997.85188188997563, 6200005.173725544475019 ], [ 709999.525155606446788, 6209994.615822096355259 ], [ 719999.393619586247951, 6210003.288780127651989 ], [ 720002.595844760769978, 6200001.270069275982678 ], [ 709997.85188188997563, 6200005.173725544475019 ] ] ] ] } },
{ "type": "Feature", "properties": { "cellId": "10km_620_72", "Nedboer": null, "Nedbeor": null }, "geometry": { "type": "MultiPolygon", "coordinates": [ [ [ [ 720002.595844760769978, 6200001.270069275982678 ], [ 719999.393619586247951, 6210003.288780127651989 ], [ 730002.669468735577539, 6210001.807612866163254 ], [ 729997.702108701108955, 6199997.611215338110924 ], [ 720002.595844760769978, 6200001.270069275982678 ] ] ] ] } },
{ "type": "Feature", "properties": { "cellId": "10km_621_44", "Nedboer": null, "Nedbeor": null }, "geometry": { "type": "MultiPolygon", "coordinates": [ [ [ [ 440002.177211185393389, 6210003.551773331128061 ], [ 439998.556121176923625, 6219999.639286050572991 ], [ 449996.971810906368773, 6220005.030118869617581 ], [ 449998.81236698286375, 6209998.271338718943298 ], [ 440002.177211185393389, 6210003.551773331128061 ] ] ] ] } },
{ "type": "Feature", "properties": { "cellId": "10km_621_45", "Nedboer": null, "Nedbeor": null }, "geometry": { "type": "MultiPolygon", "coordinates": [ [ [ [ 449998.81236698286375, 6209998.271338718943298 ], [ 449996.971810906368773, 6220005.030118869617581 ], [ 460000.819346188567579, 6220000.273295674473047 ], [ 460001.153774394246284, 6210005.016245684586465 ], [ 449998.81236698286375, 6209998.271338718943298 ] ] ] ] } },
{ "type": "Feature", "properties": { "cellId": "10km_621_46", "Nedboer": null, "Nedbeor": null }, "geometry": { "type": "MultiPolygon", "coordinates": [ [ [ [ 460001.153774394246284, 6210005.016245684586465 ], [ 460000.819346188567579, 6220000.273295674473047 ], [ 469997.946679189510178, 6219996.626070979051292 ], [ 470002.863077572430484, 6210001.611909628845751 ], [ 460001.153774394246284, 6210005.016245684586465 ] ] ] ] } },
{ "type": "Feature", "properties": { "cellId": "10km_621_47", "Nedboer": null, "Nedbeor": null }, "geometry": { "type": "MultiPolygon", "coordinates": [ [ [ [ 470002.863077572430484, 6210001.611909628845751 ], [ 469997.946679189510178, 6219996.626070979051292 ], [ 480000.965007091523148, 6220005.114936712197959 ], [ 479997.964121309632901, 6209999.214715039357543 ], [ 470002.863077572430484, 6210001.611909628845751 ] ] ] ] } },
{ "type": "Feature", "properties": { "cellId": "10km_621_48", "Nedboer": null, "Nedbeor": null }, "geometry": { "type": "MultiPolygon", "coordinates": [ [ [ [ 479997.964121309632901, 6209999.214715039357543 ], [ 480000.965007091523148, 6220005.114936712197959 ], [ 489997.437121301190928, 6220003.551220792345703 ], [ 489999.044916368962731, 6209997.750897676683962 ], [ 479997.964121309632901, 6209999.214715039357543 ] ] ] ] } },
{ "type": "Feature", "properties": { "cellId": "10km_621_49", "Nedboer": null, "Nedbeor": null }, "geometry": { "type": "MultiPolygon", "coordinates": [ [ [ [ 489999.044916368962731, 6209997.750897676683962 ], [ 489997.437121301190928, 6220003.551220792345703 ], [ 500000.0, 6220003.020414009690285 ], [ 500000.0, 6209997.26305113825947 ], [ 489999.044916368962731, 6209997.750897676683962 ] ] ] ] } },
{ "type": "Feature", "properties": { "cellId": "10km_621_50", "Nedboer": null, "Nedbeor": null }, "geometry": { "type": "MultiPolygon", "coordinates": [ [ [ [ 500000.0, 6209997.26305113825947 ], [ 500000.0, 6220003.020414009690285 ], [ 510002.562878698925488, 6220003.551220792345703 ], [ 510000.955083631153684, 6209997.750897676683962 ], [ 500000.0, 6209997.26305113825947 ] ] ] ] } },
{ "type": "Feature", "properties": { "cellId": "10km_621_51", "Nedboer": null, "Nedbeor": null }, "geometry": { "type": "MultiPolygon", "coordinates": [ [ [ [ 510000.955083631153684, 6209997.750897676683962 ], [ 510002.562878698925488, 6220003.551220792345703 ], [ 519999.034992908476852, 6220005.114936712197959 ], [ 520002.035878690367099, 6209999.214715039357543 ], [ 510000.955083631153684, 6209997.750897676683962 ] ] ] ] } },
{ "type": "Feature", "properties": { "cellId": "10km_621_52", "Nedboer": null, "Nedbeor": null }, "geometry": { "type": "MultiPolygon", "coordinates": [ [ [ [ 520002.035878690367099, 6209999.214715039357543 ], [ 519999.034992908476852, 6220005.114936712197959 ], [ 530002.05332081054803, 6219996.626070979051292 ], [ 529997.136922427569516, 6210001.611909628845751 ], [ 520002.035878690367099, 6209999.214715039357543 ] ] ] ] } },
{ "type": "Feature", "properties": { "cellId": "10km_621_53", "Nedboer": null, "Nedbeor": null }, "geometry": { "type": "MultiPolygon", "coordinates": [ [ [ [ 529997.136922427569516, 6210001.611909628845751 ], [ 530002.05332081054803, 6219996.626070979051292 ], [ 539999.180653811432421, 6220000.273295674473047 ], [ 539998.846225605695508, 6210005.016245684586465 ], [ 529997.136922427569516, 6210001.611909628845751 ] ] ] ] } },
{ "type": "Feature", "properties": { "cellId": "10km_621_54", "Nedboer": null, "Nedbeor": null }, "geometry": { "type": "MultiPolygon", "coordinates": [ [ [ [ 539998.846225605695508, 6210005.016245684586465 ], [ 539999.180653811432421, 6220000.273295674473047 ], [ 550003.028189093689434, 6220005.030118869617581 ], [ 550001.187633017194457, 6209998.271338718943298 ], [ 539998.846225605695508, 6210005.016245684586465 ] ] ] ] } },
{ "type": "Feature", "properties": { "cellId": "10km_621_55", "Nedboer": null, "Nedbeor": null }, "geometry": { "type": "MultiPolygon", "coordinates": [ [ [ [ 550001.187633017194457, 6209998.271338718943298 ], [ 550003.028189093689434, 6220005.030118869617581 ], [ 560001.443878823076375, 6219999.639286050572991 ], [ 559997.822788814664818, 6210003.551773331128061 ], [ 550001.187633017194457, 6209998.271338718943298 ] ] ] ] } },
{ "type": "Feature", "properties": { "cellId": "10km_621_56", "Nedboer": null, "Nedbeor": null }, "geometry": { "type": "MultiPolygon", "coordinates": [ [ [ [ 559997.822788814664818, 6210003.551773331128061 ], [ 560001.443878823076375, 6219999.639286050572991 ], [ 570000.666525187902153, 6219995.291629575192928 ], [ 570001.624456195160747, 6209998.761323610320687 ], [ 559997.822788814664818, 6210003.551773331128061 ] ] ] ] } },
{ "type": "Feature", "properties": { "cellId": "10km_621_57", "Nedboer": null, "Nedbeor": null }, "geometry": { "type": "MultiPolygon", "coordinates": [ [ [ [ 570001.624456195160747, 6209998.761323610320687 ], [ 570000.666525187902153, 6219995.291629575192928 ], [ 580000.614448936888948, 6220003.119770118966699 ], [ 580000.126181703875773, 6209994.844892063178122 ], [ 570001.624456195160747, 6209998.761323610320687 ] ] ] ] } },
{ "type": "Feature", "properties": { "cellId": "10km_621_59", "Nedboer": null, "Nedbeor": null }, "geometry": { "type": "MultiPolygon", "coordinates": [ [ [ [ 589999.45235509541817, 6210003.022045901045203 ], [ 590001.802593019558117, 6220000.869952664710581 ], [ 599997.95782211527694, 6219999.531253468245268 ], [ 600000.1681117718108, 6210001.040380701422691 ], [ 589999.45235509541817, 6210003.022045901045203 ] ] ] ] } },
{ "type": "Feature", "properties": { "cellId": "10km_621_68", "Nedboer": null, "Nedbeor": null }, "geometry": { "type": "MultiPolygon", "coordinates": [ [ [ [ 680002.148090390022844, 6209996.009421092458069 ], [ 680000.982890152721666, 6220003.269265346229076 ], [ 690001.561063384404406, 6219999.752956135198474 ], [ 690000.510963199427351, 6210002.096023115329444 ], [ 680002.148090390022844, 6209996.009421092458069 ] ] ] ] } },
{ "type": "Feature", "properties": { "cellId": "10km_621_69", "Nedboer": null, "Nedbeor": null }, "geometry": { "type": "MultiPolygon", "coordinates": [ [ [ [ 690000.510963199427351, 6210002.096023115329444 ], [ 690001.561063384404406, 6219999.752956135198474 ], [ 699998.412220885045826, 6219996.996362540870905 ], [ 700001.827990624355152, 6209998.021034522913396 ], [ 690000.510963199427351, 6210002.096023115329444 ] ] ] ] } },
{ "type": "Feature", "properties": { "cellId": "10km_621_70", "Nedboer": null, "Nedbeor": null }, "geometry": { "type": "MultiPolygon", "coordinates": [ [ [ [ 700001.827990624355152, 6209998.021034522913396 ], [ 699998.412220885045826, 6219996.996362540870905 ], [ 709997.881110618123785, 6219995.271409639157355 ], [ 709999.525155606446788, 6209994.615822096355259 ], [ 700001.827990624355152, 6209998.021034522913396 ] ] ] ] } },
{ "type": "Feature", "properties": { "cellId": "10km_621_71", "Nedboer": null, "Nedbeor": null }, "geometry": { "type": "MultiPolygon", "coordinates": [ [ [ [ 709999.525155606446788, 6209994.615822096355259 ], [ 709997.881110618123785, 6219995.271409639157355 ], [ 720000.093387513654307, 6219994.58970460947603 ], [ 719999.393619586247951, 6210003.288780127651989 ], [ 709999.525155606446788, 6209994.615822096355259 ] ] ] ] } },
{ "type": "Feature", "properties": { "cellId": "10km_621_72", "Nedboer": null, "Nedbeor": null }, "geometry": { "type": "MultiPolygon", "coordinates": [ [ [ [ 719999.393619586247951, 6210003.288780127651989 ], [ 720000.093387513654307, 6219994.58970460947603 ], [ 729998.954037086106837, 6219994.630048552528024 ], [ 730002.669468735577539, 6210001.807612866163254 ], [ 719999.393619586247951, 6210003.288780127651989 ] ] ] ] } },
{ "type": "Feature", "properties": { "cellId": "10km_622_44", "Nedboer": null, "Nedbeor": null }, "geometry": { "type": "MultiPolygon", "coordinates": [ [ [ [ 439998.556121176923625, 6219999.639286050572991 ], [ 440001.952823968371376, 6229995.781555811874568 ], [ 450001.878952194645535, 6230000.73012038692832 ], [ 449996.971810906368773, 6220005.030118869617581 ], [ 439998.556121176923625, 6219999.639286050572991 ] ] ] ] } },
{ "type": "Feature", "properties": { "cellId": "10km_622_45", "Nedboer": null, "Nedbeor": null }, "geometry": { "type": "MultiPolygon", "coordinates": [ [ [ [ 449996.971810906368773, 6220005.030118869617581 ], [ 450001.878952194645535, 6230000.73012038692832 ], [ 460001.018833784619346, 6229995.674580137245357 ], [ 460000.819346188567579, 6220000.273295674473047 ], [ 449996.971810906368773, 6220005.030118869617581 ] ] ] ] } },
{ "type": "Feature", "properties": { "cellId": "10km_622_46", "Nedboer": null, "Nedbeor": null }, "geometry": { "type": "MultiPolygon", "coordinates": [ [ [ [ 460000.819346188567579, 6220000.273295674473047 ], [ 460001.018833784619346, 6229995.674580137245357 ], [ 469999.732747478992678, 6230002.87187017314136 ], [ 469997.946679189510178, 6219996.626070979051292 ], [ 460000.819346188567579, 6220000.273295674473047 ] ] ] ] } },
{ "type": "Feature", "properties": { "cellId": "10km_622_47", "Nedboer": null, "Nedbeor": null }, "geometry": { "type": "MultiPolygon", "coordinates": [ [ [ [ 469997.946679189510178, 6219996.626070979051292 ], [ 469999.732747478992678, 6230002.87187017314136 ], [ 479997.964489611505996, 6230000.060167759656906 ], [ 480000.965007091523148, 6220005.114936712197959 ], [ 469997.946679189510178, 6219996.626070979051292 ] ] ] ] } },
{ "type": "Feature", "properties": { "cellId": "10km_622_48", "Nedboer": null, "Nedbeor": null }, "geometry": { "type": "MultiPolygon", "coordinates": [ [ [ [ 480000.965007091523148, 6220005.114936712197959 ], [ 479997.964489611505996, 6230000.060167759656906 ], [ 490002.146329394134227, 6229998.35340226162225 ], [ 489997.437121301190928, 6220003.551220792345703 ], [ 480000.965007091523148, 6220005.114936712197959 ] ] ] ] } },
{ "type": "Feature", "properties": { "cellId": "10km_622_49", "Nedboer": null, "Nedbeor": null }, "geometry": { "type": "MultiPolygon", "coordinates": [ [ [ [ 489997.437121301190928, 6220003.551220792345703 ], [ 490002.146329394134227, 6229998.35340226162225 ], [ 500000.0, 6229997.794244598597288 ], [ 500000.0, 6220003.020414009690285 ], [ 489997.437121301190928, 6220003.551220792345703 ] ] ] ] } },
{ "type": "Feature", "properties": { "cellId": "10km_622_50", "Nedboer": null, "Nedbeor": null }, "geometry": { "type": "MultiPolygon", "coordinates": [ [ [ [ 500000.0, 6220003.020414009690285 ], [ 500000.0, 6229997.794244598597288 ], [ 509997.853670605865773, 6229998.35340226162225 ], [ 510002.562878698925488, 6220003.551220792345703 ], [ 500000.0, 6220003.020414009690285 ] ] ] ] } },
{ "type": "Feature", "properties": { "cellId": "10km_622_51", "Nedboer": null, "Nedbeor": null }, "geometry": { "type": "MultiPolygon", "coordinates": [ [ [ [ 510002.562878698925488, 6220003.551220792345703 ], [ 509997.853670605865773, 6229998.35340226162225 ], [ 520002.035510388610419, 6230000.060167759656906 ], [ 519999.034992908476852, 6220005.114936712197959 ], [ 510002.562878698925488, 6220003.551220792345703 ] ] ] ] } },
{ "type": "Feature", "properties": { "cellId": "10km_622_52", "Nedboer": null, "Nedbeor": null }, "geometry": { "type": "MultiPolygon", "coordinates": [ [ [ [ 519999.034992908476852, 6220005.114936712197959 ], [ 520002.035510388610419, 6230000.060167759656906 ], [ 530000.267252521007322, 6230002.87187017314136 ], [ 530002.05332081054803, 6219996.626070979051292 ], [ 519999.034992908476852, 6220005.114936712197959 ] ] ] ] } },
{ "type": "Feature", "properties": { "cellId": "10km_622_53", "Nedboer": null, "Nedbeor": null }, "geometry": { "type": "MultiPolygon", "coordinates": [ [ [ [ 530002.05332081054803, 6219996.626070979051292 ], [ 530000.267252521007322, 6230002.87187017314136 ], [ 539998.981166215380654, 6229995.674580137245357 ], [ 539999.180653811432421, 6220000.273295674473047 ], [ 530002.05332081054803, 6219996.626070979051292 ] ] ] ] } },
{ "type": "Feature", "properties": { "cellId": "10km_622_54", "Nedboer": null, "Nedbeor": null }, "geometry": { "type": "MultiPolygon", "coordinates": [ [ [ [ 539999.180653811432421, 6220000.273295674473047 ], [ 539998.981166215380654, 6229995.674580137245357 ], [ 549998.121047805412672, 6230000.73012038692832 ], [ 550003.028189093689434, 6220005.030118869617581 ], [ 539999.180653811432421, 6220000.273295674473047 ] ] ] ] } },
{ "type": "Feature", "properties": { "cellId": "10km_622_55", "Nedboer": null, "Nedbeor": null }, "geometry": { "type": "MultiPolygon", "coordinates": [ [ [ [ 550003.028189093689434, 6220005.030118869617581 ], [ 549998.121047805412672, 6230000.73012038692832 ], [ 559998.047176031628624, 6229995.781555811874568 ], [ 560001.443878823076375, 6219999.639286050572991 ], [ 550003.028189093689434, 6220005.030118869617581 ] ] ] ] } },
{ "type": "Feature", "properties": { "cellId": "10km_622_56", "Nedboer": null, "Nedbeor": null }, "geometry": { "type": "MultiPolygon", "coordinates": [ [ [ [ 560001.443878823076375, 6219999.639286050572991 ], [ 559998.047176031628624, 6229995.781555811874568 ], [ 569998.599242008640431, 6230003.091226694174111 ], [ 570000.666525187902153, 6219995.291629575192928 ], [ 560001.443878823076375, 6219999.639286050572991 ] ] ] ] } },
{ "type": "Feature", "properties": { "cellId": "10km_622_57", "Nedboer": null, "Nedbeor": null }, "geometry": { "type": "MultiPolygon", "coordinates": [ [ [ [ 570000.666525187902153, 6219995.291629575192928 ], [ 569998.599242008640431, 6230003.091226694174111 ], [ 580000.241626883856952, 6230000.404072891920805 ], [ 580000.614448936888948, 6220003.119770118966699 ], [ 570000.666525187902153, 6219995.291629575192928 ] ] ] ] } },
{ "type": "Feature", "properties": { "cellId": "10km_622_58", "Nedboer": null, "Nedbeor": null }, "geometry": { "type": "MultiPolygon", "coordinates": [ [ [ [ 580000.614448936888948, 6220003.119770118966699 ], [ 580000.241626883856952, 6230000.404072891920805 ], [ 590002.944166686967947, 6229998.853936217725277 ], [ 590001.802593019558117, 6220000.869952664710581 ], [ 580000.614448936888948, 6220003.119770118966699 ] ] ] ] } },
{ "type": "Feature", "properties": { "cellId": "10km_622_59", "Nedboer": null, "Nedbeor": null }, "geometry": { "type": "MultiPolygon", "coordinates": [ [ [ [ 590001.802593019558117, 6220000.869952664710581 ], [ 590002.944166686967947, 6229998.853936217725277 ], [ 600000.629979581106454, 6229998.300643724389374 ], [ 599997.95782211527694, 6219999.531253468245268 ], [ 590001.802593019558117, 6220000.869952664710581 ] ] ] ] } },
{ "type": "Feature", "properties": { "cellId": "10km_622_60", "Nedboer": null, "Nedbeor": null }, "geometry": { "type": "MultiPolygon", "coordinates": [ [ [ [ 599997.95782211527694, 6219999.531253468245268 ], [ 600000.629979581106454, 6229998.300643724389374 ], [ 609999.627644078107551, 6229998.865706318989396 ], [ 610001.640588613110594, 6219999.384419064037502 ], [ 599997.95782211527694, 6219999.531253468245268 ] ] ] ] } },
{ "type": "Feature", "properties": { "cellId": "10km_622_69", "Nedboer": null, "Nedbeor": null }, "geometry": { "type": "MultiPolygon", "coordinates": [ [ [ [ 690001.561063384404406, 6219999.752956135198474 ], [ 690000.084519478608854, 6229997.510262246243656 ], [ 699998.563240368152037, 6229996.356879776343703 ], [ 699998.412220885045826, 6219996.996362540870905 ], [ 690001.561063384404406, 6219999.752956135198474 ] ] ] ] } },
{ "type": "Feature", "properties": { "cellId": "10km_622_70", "Nedboer": null, "Nedbeor": null }, "geometry": { "type": "MultiPolygon", "coordinates": [ [ [ [ 699998.412220885045826, 6219996.996362540870905 ], [ 699998.563240368152037, 6229996.356879776343703 ], [ 709999.663406841806136, 6229996.321696024388075 ], [ 709997.881110618123785, 6219995.271409639157355 ], [ 699998.412220885045826, 6219996.996362540870905 ] ] ] ] } },
{ "type": "Feature", "properties": { "cellId": "10km_622_71", "Nedboer": null, "Nedbeor": null }, "geometry": { "type": "MultiPolygon", "coordinates": [ [ [ [ 709997.881110618123785, 6219995.271409639157355 ], [ 709999.663406841806136, 6229996.321696024388075 ], [ 719997.305028539267369, 6229997.097223388031125 ], [ 720000.093387513654307, 6219994.58970460947603 ], [ 709997.881110618123785, 6219995.271409639157355 ] ] ] ] } },
{ "type": "Feature", "properties": { "cellId": "10km_623_44", "Nedboer": null, "Nedbeor": null }, "geometry": { "type": "MultiPolygon", "coordinates": [ [ [ [ 440001.952823968371376, 6229995.781555811874568 ], [ 440000.10543077631155, 6240003.281972062774003 ], [ 450001.244519538304303, 6239996.645475776866078 ], [ 450001.878952194645535, 6230000.73012038692832 ], [ 440001.952823968371376, 6229995.781555811874568 ] ] ] ] } },
{ "type": "Feature", "properties": { "cellId": "10km_623_45", "Nedboer": null, "Nedbeor": null }, "geometry": { "type": "MultiPolygon", "coordinates": [ [ [ [ 450001.878952194645535, 6230000.73012038692832 ], [ 450001.244519538304303, 6239996.645475776866078 ], [ 460001.857177212601528, 6240002.34988999646157 ], [ 460001.018833784619346, 6229995.674580137245357 ], [ 450001.878952194645535, 6230000.73012038692832 ] ] ] ] } },
{ "type": "Feature", "properties": { "cellId": "10km_623_46", "Nedboer": null, "Nedbeor": null }, "geometry": { "type": "MultiPolygon", "coordinates": [ [ [ [ 460001.018833784619346, 6229995.674580137245357 ], [ 460001.857177212601528, 6240002.34988999646157 ], [ 470001.83451788086677, 6239998.132760539650917 ], [ 469999.732747478992678, 6230002.87187017314136 ], [ 460001.018833784619346, 6229995.674580137245357 ] ] ] ] } },
{ "type": "Feature", "properties": { "cellId": "10km_623_47", "Nedboer": null, "Nedbeor": null }, "geometry": { "type": "MultiPolygon", "coordinates": [ [ [ [ 469999.732747478992678, 6230002.87187017314136 ], [ 470001.83451788086677, 6239998.132760539650917 ], [ 480001.433314433088526, 6239995.121947892941535 ], [ 479997.964489611505996, 6230000.060167759656906 ], [ 469999.732747478992678, 6230002.87187017314136 ] ] ] ] } },
{ "type": "Feature", "properties": { "cellId": "10km_623_48", "Nedboer": null, "Nedbeor": null }, "geometry": { "type": "MultiPolygon", "coordinates": [ [ [ [ 479997.964489611505996, 6230000.060167759656906 ], [ 480001.433314433088526, 6239995.121947892941535 ], [ 490000.805866500188131, 6240004.446293904446065 ], [ 490002.146329394134227, 6229998.35340226162225 ], [ 479997.964489611505996, 6230000.060167759656906 ] ] ] ] } },
{ "type": "Feature", "properties": { "cellId": "10km_623_49", "Nedboer": null, "Nedbeor": null }, "geometry": { "type": "MultiPolygon", "coordinates": [ [ [ [ 490002.146329394134227, 6229998.35340226162225 ], [ 490000.805866500188131, 6240004.446293904446065 ], [ 500000.0, 6240003.844433084130287 ], [ 500000.0, 6229997.794244598597288 ], [ 490002.146329394134227, 6229998.35340226162225 ] ] ] ] } },
{ "type": "Feature", "properties": { "cellId": "10km_623_50", "Nedboer": null, "Nedbeor": null }, "geometry": { "type": "MultiPolygon", "coordinates": [ [ [ [ 500000.0, 6229997.794244598597288 ], [ 500000.0, 6240003.844433084130287 ], [ 509999.194133499811869, 6240004.446293904446065 ], [ 509997.853670605865773, 6229998.35340226162225 ], [ 500000.0, 6229997.794244598597288 ] ] ] ] } },
{ "type": "Feature", "properties": { "cellId": "10km_623_51", "Nedboer": null, "Nedbeor": null }, "geometry": { "type": "MultiPolygon", "coordinates": [ [ [ [ 509997.853670605865773, 6229998.35340226162225 ], [ 509999.194133499811869, 6240004.446293904446065 ], [ 519998.566685566911474, 6239995.121947892941535 ], [ 520002.035510388610419, 6230000.060167759656906 ], [ 509997.853670605865773, 6229998.35340226162225 ] ] ] ] } },
{ "type": "Feature", "properties": { "cellId": "10km_623_52", "Nedboer": null, "Nedbeor": null }, "geometry": { "type": "MultiPolygon", "coordinates": [ [ [ [ 520002.035510388610419, 6230000.060167759656906 ], [ 519998.566685566911474, 6239995.121947892941535 ], [ 529998.165482119075023, 6239998.132760539650917 ], [ 530000.267252521007322, 6230002.87187017314136 ], [ 520002.035510388610419, 6230000.060167759656906 ] ] ] ] } },
{ "type": "Feature", "properties": { "cellId": "10km_623_53", "Nedboer": null, "Nedbeor": null }, "geometry": { "type": "MultiPolygon", "coordinates": [ [ [ [ 530000.267252521007322, 6230002.87187017314136 ], [ 529998.165482119075023, 6239998.132760539650917 ], [ 539998.142822787398472, 6240002.34988999646157 ], [ 539998.981166215380654, 6229995.674580137245357 ], [ 530000.267252521007322, 6230002.87187017314136 ] ] ] ] } },
{ "type": "Feature", "properties": { "cellId": "10km_623_54", "Nedboer": null, "Nedbeor": null }, "geometry": { "type": "MultiPolygon", "coordinates": [ [ [ [ 539998.981166215380654, 6229995.674580137245357 ], [ 539998.142822787398472, 6240002.34988999646157 ], [ 549998.755480461637489, 6239996.645475776866078 ], [ 549998.121047805412672, 6230000.73012038692832 ], [ 539998.981166215380654, 6229995.674580137245357 ] ] ] ] } },
{ "type": "Feature", "properties": { "cellId": "10km_623_55", "Nedboer": null, "Nedbeor": null }, "geometry": { "type": "MultiPolygon", "coordinates": [ [ [ [ 549998.121047805412672, 6230000.73012038692832 ], [ 549998.755480461637489, 6239996.645475776866078 ], [ 559999.894569223630242, 6240003.281972062774003 ], [ 559998.047176031628624, 6229995.781555811874568 ], [ 549998.121047805412672, 6230000.73012038692832 ] ] ] ] } },
{ "type": "Feature", "properties": { "cellId": "10km_623_56", "Nedboer": null, "Nedbeor": null }, "geometry": { "type": "MultiPolygon", "coordinates": [ [ [ [ 559998.047176031628624, 6229995.781555811874568 ], [ 559999.894569223630242, 6240003.281972062774003 ], [ 570001.973570903763175, 6240000.003061943687499 ], [ 569998.599242008640431, 6230003.091226694174111 ], [ 559998.047176031628624, 6229995.781555811874568 ] ] ] ] } },
{ "type": "Feature", "properties": { "cellId": "10km_623_57", "Nedboer": null, "Nedbeor": null }, "geometry": { "type": "MultiPolygon", "coordinates": [ [ [ [ 569998.599242008640431, 6230003.091226694174111 ], [ 570001.973570903763175, 6240000.003061943687499 ], [ 579998.799969920306467, 6239997.826224646531045 ], [ 580000.241626883856952, 6230000.404072891920805 ], [ 569998.599242008640431, 6230003.091226694174111 ] ] ] ] } },
{ "type": "Feature", "properties": { "cellId": "10km_623_58", "Nedboer": null, "Nedbeor": null }, "geometry": { "type": "MultiPolygon", "coordinates": [ [ [ [ 580000.241626883856952, 6230000.404072891920805 ], [ 579998.799969920306467, 6239997.826224646531045 ], [ 590002.876016509137116, 6239996.973652680404484 ], [ 590002.944166686967947, 6229998.853936217725277 ], [ 580000.241626883856952, 6230000.404072891920805 ] ] ] ] } },
{ "type": "Feature", "properties": { "cellId": "10km_623_59", "Nedboer": null, "Nedbeor": null }, "geometry": { "type": "MultiPolygon", "coordinates": [ [ [ [ 590002.944166686967947, 6229998.853936217725277 ], [ 590002.876016509137116, 6239996.973652680404484 ], [ 600001.95152608549688, 6239997.203412680886686 ], [ 600000.629979581106454, 6229998.300643724389374 ], [ 590002.944166686967947, 6229998.853936217725277 ] ] ] ] } },
{ "type": "Feature", "properties": { "cellId": "10km_623_60", "Nedboer": null, "Nedbeor": null }, "geometry": { "type": "MultiPolygon", "coordinates": [ [ [ [ 600000.629979581106454, 6229998.300643724389374 ], [ 600001.95152608549688, 6239997.203412680886686 ], [ 610002.340734760393389, 6239998.637181781232357 ], [ 609999.627644078107551, 6229998.865706318989396 ], [ 600000.629979581106454, 6229998.300643724389374 ] ] ] ] } },
{ "type": "Feature", "properties": { "cellId": "10km_623_61", "Nedboer": null, "Nedbeor": null }, "geometry": { "type": "MultiPolygon", "coordinates": [ [ [ [ 609999.627644078107551, 6229998.865706318989396 ], [ 610002.340734760393389, 6239998.637181781232357 ], [ 619997.981071328278631, 6240001.106764649040997 ], [ 620000.063124815118499, 6230000.555142754688859 ], [ 609999.627644078107551, 6229998.865706318989396 ] ] ] ] } },
{ "type": "Feature", "properties": { "cellId": "10km_624_44", "Nedboer": null, "Nedbeor": null }, "geometry": { "type": "MultiPolygon", "coordinates": [ [ [ [ 440000.10543077631155, 6240003.281972062774003 ], [ 439998.918677234149072, 6249999.794161644764245 ], [ 450001.416950044105761, 6250003.833504450507462 ], [ 450001.244519538304303, 6239996.645475776866078 ], [ 440000.10543077631155, 6240003.281972062774003 ] ] ] ] } },
{ "type": "Feature", "properties": { "cellId": "10km_624_45", "Nedboer": null, "Nedbeor": null }, "geometry": { "type": "MultiPolygon", "coordinates": [ [ [ [ 450001.244519538304303, 6239996.645475776866078 ], [ 450001.416950044105761, 6250003.833504450507462 ], [ 459996.953038007952273, 6249998.097298923879862 ], [ 460001.857177212601528, 6240002.34988999646157 ], [ 450001.244519538304303, 6239996.645475776866078 ] ] ] ] } },
{ "type": "Feature", "properties": { "cellId": "10km_624_46", "Nedboer": null, "Nedbeor": null }, "geometry": { "type": "MultiPolygon", "coordinates": [ [ [ [ 460001.857177212601528, 6240002.34988999646157 ], [ 459996.953038007952273, 6249998.097298923879862 ], [ 469998.235631939547602, 6250004.712239031679928 ], [ 470001.83451788086677, 6239998.132760539650917 ], [ 460001.857177212601528, 6240002.34988999646157 ] ] ] ] } },
{ "type": "Feature", "properties": { "cellId": "10km_624_47", "Nedboer": null, "Nedbeor": null }, "geometry": { "type": "MultiPolygon", "coordinates": [ [ [ [ 470001.83451788086677, 6239998.132760539650917 ], [ 469998.235631939547602, 6250004.712239031679928 ], [ 479999.03433617396513, 6250001.488512553274632 ], [ 480001.433314433088526, 6239995.121947892941535 ], [ 470001.83451788086677, 6239998.132760539650917 ] ] ] ] } },
{ "type": "Feature", "properties": { "cellId": "10km_624_48", "Nedboer": null, "Nedbeor": null }, "geometry": { "type": "MultiPolygon", "coordinates": [ [ [ [ 480001.433314433088526, 6239995.121947892941535 ], [ 479999.03433617396513, 6250001.488512553274632 ], [ 489999.58034258428961, 6249999.554850587621331 ], [ 490000.805866500188131, 6240004.446293904446065 ], [ 480001.433314433088526, 6239995.121947892941535 ] ] ] ] } },
{ "type": "Feature", "properties": { "cellId": "10km_624_49", "Nedboer": null, "Nedbeor": null }, "geometry": { "type": "MultiPolygon", "coordinates": [ [ [ [ 490000.805866500188131, 6240004.446293904446065 ], [ 489999.58034258428961, 6249999.554850587621331 ], [ 500000.0, 6249998.91039225179702 ], [ 500000.0, 6240003.844433084130287 ], [ 490000.805866500188131, 6240004.446293904446065 ] ] ] ] } },
{ "type": "Feature", "properties": { "cellId": "10km_624_50", "Nedboer": null, "Nedbeor": null }, "geometry": { "type": "MultiPolygon", "coordinates": [ [ [ [ 500000.0, 6240003.844433084130287 ], [ 500000.0, 6249998.91039225179702 ], [ 510000.41965741571039, 6249999.554850587621331 ], [ 509999.194133499811869, 6240004.446293904446065 ], [ 500000.0, 6240003.844433084130287 ] ] ] ] } },
{ "type": "Feature", "properties": { "cellId": "10km_624_51", "Nedboer": null, "Nedbeor": null }, "geometry": { "type": "MultiPolygon", "coordinates": [ [ [ [ 509999.194133499811869, 6240004.446293904446065 ], [ 510000.41965741571039, 6249999.554850587621331 ], [ 520000.96566382603487, 6250001.488512553274632 ], [ 519998.566685566911474, 6239995.121947892941535 ], [ 509999.194133499811869, 6240004.446293904446065 ] ] ] ] } },
{ "type": "Feature", "properties": { "cellId": "10km_624_52", "Nedboer": null, "Nedbeor": null }, "geometry": { "type": "MultiPolygon", "coordinates": [ [ [ [ 519998.566685566911474, 6239995.121947892941535 ], [ 520000.96566382603487, 6250001.488512553274632 ], [ 530001.764368060510606, 6250004.712239031679928 ], [ 529998.165482119075023, 6239998.132760539650917 ], [ 519998.566685566911474, 6239995.121947892941535 ] ] ] ] } },
{ "type": "Feature", "properties": { "cellId": "10km_624_53", "Nedboer": null, "Nedbeor": null }, "geometry": { "type": "MultiPolygon", "coordinates": [ [ [ [ 529998.165482119075023, 6239998.132760539650917 ], [ 530001.764368060510606, 6250004.712239031679928 ], [ 540003.046961992047727, 6249998.097298923879862 ], [ 539998.142822787398472, 6240002.34988999646157 ], [ 529998.165482119075023, 6239998.132760539650917 ] ] ] ] } },
{ "type": "Feature", "properties": { "cellId": "10km_624_54", "Nedboer": null, "Nedbeor": null }, "geometry": { "type": "MultiPolygon", "coordinates": [ [ [ [ 539998.142822787398472, 6240002.34988999646157 ], [ 540003.046961992047727, 6249998.097298923879862 ], [ 549998.583049955894239, 6250003.833504450507462 ], [ 549998.755480461637489, 6239996.645475776866078 ], [ 539998.142822787398472, 6240002.34988999646157 ] ] ] ] } },
{ "type": "Feature", "properties": { "cellId": "10km_624_55", "Nedboer": null, "Nedbeor": null }, "geometry": { "type": "MultiPolygon", "coordinates": [ [ [ [ 549998.755480461637489, 6239996.645475776866078 ], [ 549998.583049955894239, 6250003.833504450507462 ], [ 560001.081322765909135, 6249999.794161644764245 ], [ 559999.894569223630242, 6240003.281972062774003 ], [ 549998.755480461637489, 6239996.645475776866078 ] ] ] ] } },
{ "type": "Feature", "properties": { "cellId": "10km_624_56", "Nedboer": null, "Nedbeor": null }, "geometry": { "type": "MultiPolygon", "coordinates": [ [ [ [ 559999.894569223630242, 6240003.281972062774003 ], [ 560001.081322765909135, 6249999.794161644764245 ], [ 569998.216632098541595, 6249996.952793444506824 ], [ 570001.973570903763175, 6240000.003061943687499 ], [ 559999.894569223630242, 6240003.281972062774003 ] ] ] ] } },
{ "type": "Feature", "properties": { "cellId": "10km_624_57", "Nedboer": null, "Nedbeor": null }, "geometry": { "type": "MultiPolygon", "coordinates": [ [ [ [ 570001.973570903763175, 6240000.003061943687499 ], [ 569998.216632098541595, 6249996.952793444506824 ], [ 580002.462126371217892, 6249995.502207030542195 ], [ 579998.799969920306467, 6239997.826224646531045 ], [ 570001.973570903763175, 6240000.003061943687499 ] ] ] ] } },
{ "type": "Feature", "properties": { "cellId": "10km_624_58", "Nedboer": null, "Nedbeor": null }, "geometry": { "type": "MultiPolygon", "coordinates": [ [ [ [ 579998.799969920306467, 6239997.826224646531045 ], [ 580002.462126371217892, 6249995.502207030542195 ], [ 590001.59708835510537, 6249995.228756424039602 ], [ 590002.876016509137116, 6239996.973652680404484 ], [ 579998.799969920306467, 6239997.826224646531045 ] ] ] ] } },
{ "type": "Feature", "properties": { "cellId": "10km_624_59", "Nedboer": null, "Nedbeor": null }, "geometry": { "type": "MultiPolygon", "coordinates": [ [ [ [ 590002.876016509137116, 6239996.973652680404484 ], [ 590001.59708835510537, 6249995.228756424039602 ], [ 600001.921280407346785, 6249996.239175766706467 ], [ 600001.95152608549688, 6239997.203412680886686 ], [ 590002.876016509137116, 6239996.973652680404484 ] ] ] ] } },
{ "type": "Feature", "properties": { "cellId": "10km_624_60", "Nedboer": null, "Nedbeor": null }, "geometry": { "type": "MultiPolygon", "coordinates": [ [ [ [ 600001.95152608549688, 6239997.203412680886686 ], [ 600001.921280407346785, 6249996.239175766706467 ], [ 609997.387001289753243, 6249998.379106058739126 ], [ 610002.340734760393389, 6239998.637181781232357 ], [ 600001.95152608549688, 6239997.203412680886686 ] ] ] ] } },
{ "type": "Feature", "properties": { "cellId": "10km_624_61", "Nedboer": null, "Nedbeor": null }, "geometry": { "type": "MultiPolygon", "coordinates": [ [ [ [ 610002.340734760393389, 6239998.637181781232357 ], [ 609997.387001289753243, 6249998.379106058739126 ], [ 620000.468387045664713, 6250001.959942197427154 ], [ 619997.981071328278631, 6240001.106764649040997 ], [ 610002.340734760393389, 6239998.637181781232357 ] ] ] ] } },
{ "type": "Feature", "properties": { "cellId": "10km_625_44", "Nedboer": null, "Nedbeor": null }, "geometry": { "type": "MultiPolygon", "coordinates": [ [ [ [ 439998.918677234149072, 6249999.794161644764245 ], [ 439998.549451077298727, 6259996.447372698225081 ], [ 450002.135202241537627, 6260000.034107229672372 ], [ 450001.416950044105761, 6250003.833504450507462 ], [ 439998.918677234149072, 6249999.794161644764245 ] ] ] ] } },
{ "type": "Feature", "properties": { "cellId": "10km_625_45", "Nedboer": null, "Nedbeor": null }, "geometry": { "type": "MultiPolygon", "coordinates": [ [ [ [ 450001.416950044105761, 6250003.833504450507462 ], [ 450002.135202241537627, 6260000.034107229672372 ], [ 459998.877149330102839, 6260005.060527021065354 ], [ 459996.953038007952273, 6249998.097298923879862 ], [ 450001.416950044105761, 6250003.833504450507462 ] ] ] ] } },
{ "type": "Feature", "properties": { "cellId": "10km_625_46", "Nedboer": null, "Nedbeor": null }, "geometry": { "type": "MultiPolygon", "coordinates": [ [ [ [ 459996.953038007952273, 6249998.097298923879862 ], [ 459998.877149330102839, 6260005.060527021065354 ], [ 470001.140280783060007, 6260000.262512719258666 ], [ 469998.235631939547602, 6250004.712239031679928 ], [ 459996.953038007952273, 6249998.097298923879862 ] ] ] ] } },
{ "type": "Feature", "properties": { "cellId": "10km_625_47", "Nedboer": null, "Nedbeor": null }, "geometry": { "type": "MultiPolygon", "coordinates": [ [ [ [ 469998.235631939547602, 6250004.712239031679928 ], [ 470001.140280783060007, 6260000.262512719258666 ], [ 480003.023881568398792, 6259996.840964480303228 ], [ 479999.03433617396513, 6250001.488512553274632 ], [ 469998.235631939547602, 6250004.712239031679928 ] ] ] ] } },
{ "type": "Feature", "properties": { "cellId": "10km_625_48", "Nedboer": null, "Nedbeor": null }, "geometry": { "type": "MultiPolygon", "coordinates": [ [ [ [ 479999.03433617396513, 6250001.488512553274632 ], [ 480003.023881568398792, 6259996.840964480303228 ], [ 489998.495910759142134, 6259994.808984730392694 ], [ 489999.58034258428961, 6249999.554850587621331 ], [ 479999.03433617396513, 6250001.488512553274632 ] ] ] ] } },
{ "type": "Feature", "properties": { "cellId": "10km_625_49", "Nedboer": null, "Nedbeor": null }, "geometry": { "type": "MultiPolygon", "coordinates": [ [ [ [ 489999.58034258428961, 6249999.554850587621331 ], [ 489998.495910759142134, 6259994.808984730392694 ], [ 500000.0, 6260005.252659993246198 ], [ 500000.0, 6249998.91039225179702 ], [ 489999.58034258428961, 6249999.554850587621331 ] ] ] ] } },
{ "type": "Feature", "properties": { "cellId": "10km_625_50", "Nedboer": null, "Nedbeor": null }, "geometry": { "type": "MultiPolygon", "coordinates": [ [ [ [ 500000.0, 6249998.91039225179702 ], [ 500000.0, 6260005.252659993246198 ], [ 510001.504089240857866, 6259994.808984730392694 ], [ 510000.41965741571039, 6249999.554850587621331 ], [ 500000.0, 6249998.91039225179702 ] ] ] ] } },
{ "type": "Feature", "properties": { "cellId": "10km_625_51", "Nedboer": null, "Nedbeor": null }, "geometry": { "type": "MultiPolygon", "coordinates": [ [ [ [ 510000.41965741571039, 6249999.554850587621331 ], [ 510001.504089240857866, 6259994.808984730392694 ], [ 519996.976118431659415, 6259996.840964480303228 ], [ 520000.96566382603487, 6250001.488512553274632 ], [ 510000.41965741571039, 6249999.554850587621331 ] ] ] ] } },
{ "type": "Feature", "properties": { "cellId": "10km_625_52", "Nedboer": null, "Nedbeor": null }, "geometry": { "type": "MultiPolygon", "coordinates": [ [ [ [ 520000.96566382603487, 6250001.488512553274632 ], [ 519996.976118431659415, 6259996.840964480303228 ], [ 529998.859719217056409, 6260000.262512719258666 ], [ 530001.764368060510606, 6250004.712239031679928 ], [ 520000.96566382603487, 6250001.488512553274632 ] ] ] ] } },
{ "type": "Feature", "properties": { "cellId": "10km_625_53", "Nedboer": null, "Nedbeor": null }, "geometry": { "type": "MultiPolygon", "coordinates": [ [ [ [ 530001.764368060510606, 6250004.712239031679928 ], [ 529998.859719217056409, 6260000.262512719258666 ], [ 540001.122850670013577, 6260005.060527021065354 ], [ 540003.046961992047727, 6249998.097298923879862 ], [ 530001.764368060510606, 6250004.712239031679928 ] ] ] ] } },
{ "type": "Feature", "properties": { "cellId": "10km_625_54", "Nedboer": null, "Nedbeor": null }, "geometry": { "type": "MultiPolygon", "coordinates": [ [ [ [ 540003.046961992047727, 6249998.097298923879862 ], [ 540001.122850670013577, 6260005.060527021065354 ], [ 549997.864797758404166, 6260000.034107229672372 ], [ 549998.583049955894239, 6250003.833504450507462 ], [ 540003.046961992047727, 6249998.097298923879862 ] ] ] ] } },
{ "type": "Feature", "properties": { "cellId": "10km_625_55", "Nedboer": null, "Nedbeor": null }, "geometry": { "type": "MultiPolygon", "coordinates": [ [ [ [ 549998.583049955894239, 6250003.833504450507462 ], [ 549997.864797758404166, 6260000.034107229672372 ], [ 560001.450548922643065, 6259996.447372698225081 ], [ 560001.081322765909135, 6249999.794161644764245 ], [ 549998.583049955894239, 6250003.833504450507462 ] ] ] ] } },
{ "type": "Feature", "properties": { "cellId": "10km_625_56", "Nedboer": null, "Nedbeor": null }, "geometry": { "type": "MultiPolygon", "coordinates": [ [ [ [ 560001.081322765909135, 6249999.794161644764245 ], [ 560001.450548922643065, 6259996.447372698225081 ], [ 569999.504969925503246, 6260005.273286424577236 ], [ 569998.216632098541595, 6249996.952793444506824 ], [ 560001.081322765909135, 6249999.794161644764245 ] ] ] ] } },
{ "type": "Feature", "properties": { "cellId": "10km_625_57", "Nedboer": null, "Nedbeor": null }, "geometry": { "type": "MultiPolygon", "coordinates": [ [ [ [ 569998.216632098541595, 6249996.952793444506824 ], [ 569999.504969925503246, 6260005.273286424577236 ], [ 579998.655121590592898, 6260004.328718275763094 ], [ 580002.462126371217892, 6249995.502207030542195 ], [ 569998.216632098541595, 6249996.952793444506824 ] ] ] ] } },
{ "type": "Feature", "properties": { "cellId": "10km_625_58", "Nedboer": null, "Nedbeor": null }, "geometry": { "type": "MultiPolygon", "coordinates": [ [ [ [ 580002.462126371217892, 6249995.502207030542195 ], [ 579998.655121590592898, 6260004.328718275763094 ], [ 589998.869686977006495, 6260004.748081348836422 ], [ 590001.59708835510537, 6249995.228756424039602 ], [ 580002.462126371217892, 6249995.502207030542195 ] ] ] ] } },
{ "type": "Feature", "properties": { "cellId": "10km_625_59", "Nedboer": null, "Nedbeor": null }, "geometry": { "type": "MultiPolygon", "coordinates": [ [ [ [ 590001.59708835510537, 6249995.228756424039602 ], [ 589998.869686977006495, 6260004.748081348836422 ], [ 600000.538067435962148, 6259995.407546586357057 ], [ 600001.921280407346785, 6249996.239175766706467 ], [ 590001.59708835510537, 6249995.228756424039602 ] ] ] ] } },
{ "type": "Feature", "properties": { "cellId": "10km_625_60", "Nedboer": null, "Nedbeor": null }, "geometry": { "type": "MultiPolygon", "coordinates": [ [ [ [ 600001.921280407346785, 6249996.239175766706467 ], [ 600000.538067435962148, 6259995.407546586357057 ], [ 609997.127693632966839, 6259998.410699527710676 ], [ 609997.387001289753243, 6249998.379106058739126 ], [ 600001.921280407346785, 6249996.239175766706467 ] ] ] ] } },
{ "type": "Feature", "properties": { "cellId": "10km_625_61", "Nedboer": null, "Nedbeor": null }, "geometry": { "type": "MultiPolygon", "coordinates": [ [ [ [ 609997.387001289753243, 6249998.379106058739126 ], [ 609997.127693632966839, 6259998.410699527710676 ], [ 620001.320422945427708, 6260002.940120940096676 ], [ 620000.468387045664713, 6250001.959942197427154 ], [ 609997.387001289753243, 6249998.379106058739126 ] ] ] ] } },
{ "type": "Feature", "properties": { "cellId": "10km_626_44", "Nedboer": null, "Nedbeor": null }, "geometry": { "type": "MultiPolygon", "coordinates": [ [ [ [ 439998.549451077298727, 6259996.447372698225081 ], [ 439999.156789283559192, 6270004.371470683254302 ], [ 449997.386278727906756, 6269996.449730227701366 ], [ 450002.135202241537627, 6260000.034107229672372 ], [ 439998.549451077298727, 6259996.447372698225081 ] ] ] ] } },
{ "type": "Feature", "properties": { "cellId": "10km_626_45", "Nedboer": null, "Nedbeor": null }, "geometry": { "type": "MultiPolygon", "coordinates": [ [ [ [ 450002.135202241537627, 6260000.034107229672372 ], [ 449997.386278727906756, 6269996.449730227701366 ], [ 460001.232199405669235, 6270001.036949856206775 ], [ 459998.877149330102839, 6260005.060527021065354 ], [ 450002.135202241537627, 6260000.034107229672372 ] ] ] ] } },
{ "type": "Feature", "properties": { "cellId": "10km_626_46", "Nedboer": null, "Nedbeor": null }, "geometry": { "type": "MultiPolygon", "coordinates": [ [ [ [ 459998.877149330102839, 6260005.060527021065354 ], [ 460001.232199405669235, 6270001.036949856206775 ], [ 469998.295430325088091, 6269996.000765692442656 ], [ 470001.140280783060007, 6260000.262512719258666 ], [ 459998.877149330102839, 6260005.060527021065354 ] ] ] ] } },
{ "type": "Feature", "properties": { "cellId": "10km_626_47", "Nedboer": null, "Nedbeor": null }, "geometry": { "type": "MultiPolygon", "coordinates": [ [ [ [ 470001.140280783060007, 6260000.262512719258666 ], [ 469998.295430325088091, 6269996.000765692442656 ], [ 480001.175513266411144, 6270003.498189243488014 ], [ 480003.023881568398792, 6259996.840964480303228 ], [ 470001.140280783060007, 6260000.262512719258666 ] ] ] ] } },
{ "type": "Feature", "properties": { "cellId": "10km_626_48", "Nedboer": null, "Nedbeor": null }, "geometry": { "type": "MultiPolygon", "coordinates": [ [ [ [ 480003.023881568398792, 6259996.840964480303228 ], [ 480001.175513266411144, 6270003.498189243488014 ], [ 489997.579093129141256, 6270001.339255634695292 ], [ 489998.495910759142134, 6259994.808984730392694 ], [ 480003.023881568398792, 6259996.840964480303228 ] ] ] ] } },
{ "type": "Feature", "properties": { "cellId": "10km_626_49", "Nedboer": null, "Nedbeor": null }, "geometry": { "type": "MultiPolygon", "coordinates": [ [ [ [ 489998.495910759142134, 6259994.808984730392694 ], [ 489997.579093129141256, 6270001.339255634695292 ], [ 500000.0, 6270000.609996412880719 ], [ 500000.0, 6260005.252659993246198 ], [ 489998.495910759142134, 6259994.808984730392694 ] ] ] ] } },
{ "type": "Feature", "properties": { "cellId": "10km_626_50", "Nedboer": null, "Nedbeor": null }, "geometry": { "type": "MultiPolygon", "coordinates": [ [ [ [ 500000.0, 6260005.252659993246198 ], [ 500000.0, 6270000.609996412880719 ], [ 510002.420906870858744, 6270001.339255634695292 ], [ 510001.504089240857866, 6259994.808984730392694 ], [ 500000.0, 6260005.252659993246198 ] ] ] ] } },
{ "type": "Feature", "properties": { "cellId": "10km_626_51", "Nedboer": null, "Nedbeor": null }, "geometry": { "type": "MultiPolygon", "coordinates": [ [ [ [ 510001.504089240857866, 6259994.808984730392694 ], [ 510002.420906870858744, 6270001.339255634695292 ], [ 519998.824486733705271, 6270003.498189243488014 ], [ 519996.976118431659415, 6259996.840964480303228 ], [ 510001.504089240857866, 6259994.808984730392694 ] ] ] ] } },
{ "type": "Feature", "properties": { "cellId": "10km_626_52", "Nedboer": null, "Nedbeor": null }, "geometry": { "type": "MultiPolygon", "coordinates": [ [ [ [ 519996.976118431659415, 6259996.840964480303228 ], [ 519998.824486733705271, 6270003.498189243488014 ], [ 530001.704569675028324, 6269996.000765692442656 ], [ 529998.859719217056409, 6260000.262512719258666 ], [ 519996.976118431659415, 6259996.840964480303228 ] ] ] ] } },
{ "type": "Feature", "properties": { "cellId": "10km_626_53", "Nedboer": null, "Nedbeor": null }, "geometry": { "type": "MultiPolygon", "coordinates": [ [ [ [ 529998.859719217056409, 6260000.262512719258666 ], [ 530001.704569675028324, 6269996.000765692442656 ], [ 539998.767800594330765, 6270001.036949856206775 ], [ 540001.122850670013577, 6260005.060527021065354 ], [ 529998.859719217056409, 6260000.262512719258666 ] ] ] ] } },
{ "type": "Feature", "properties": { "cellId": "10km_626_54", "Nedboer": null, "Nedbeor": null }, "geometry": { "type": "MultiPolygon", "coordinates": [ [ [ [ 540001.122850670013577, 6260005.060527021065354 ], [ 539998.767800594330765, 6270001.036949856206775 ], [ 550002.613721272093244, 6269996.449730227701366 ], [ 549997.864797758404166, 6260000.034107229672372 ], [ 540001.122850670013577, 6260005.060527021065354 ] ] ] ] } },
{ "type": "Feature", "properties": { "cellId": "10km_626_55", "Nedboer": null, "Nedbeor": null }, "geometry": { "type": "MultiPolygon", "coordinates": [ [ [ [ 549997.864797758404166, 6260000.034107229672372 ], [ 550002.613721272093244, 6269996.449730227701366 ], [ 560000.843210716615431, 6270004.371470683254302 ], [ 560001.450548922643065, 6259996.447372698225081 ], [ 549997.864797758404166, 6260000.034107229672372 ] ] ] ] } },
{ "type": "Feature", "properties": { "cellId": "10km_626_56", "Nedboer": null, "Nedbeor": null }, "geometry": { "type": "MultiPolygon", "coordinates": [ [ [ [ 560001.450548922643065, 6259996.447372698225081 ], [ 560000.843210716615431, 6270004.371470683254302 ], [ 570000.017278221086599, 6270002.603267272002995 ], [ 569999.504969925503246, 6260005.273286424577236 ], [ 560001.450548922643065, 6259996.447372698225081 ] ] ] ] } },
{ "type": "Feature", "properties": { "cellId": "10km_626_57", "Nedboer": null, "Nedbeor": null }, "geometry": { "type": "MultiPolygon", "coordinates": [ [ [ [ 569999.504969925503246, 6260005.273286424577236 ], [ 570000.017278221086599, 6270002.603267272002995 ], [ 580000.130612968350761, 6270002.279338176362216 ], [ 579998.655121590592898, 6260004.328718275763094 ], [ 569999.504969925503246, 6260005.273286424577236 ] ] ] ] } },
{ "type": "Feature", "properties": { "cellId": "10km_626_58", "Nedboer": null, "Nedbeor": null }, "geometry": { "type": "MultiPolygon", "coordinates": [ [ [ [ 579998.655121590592898, 6260004.328718275763094 ], [ 580000.130612968350761, 6270002.279338176362216 ], [ 590001.309849106241018, 6270003.404161300510168 ], [ 589998.869686977006495, 6260004.748081348836422 ], [ 579998.655121590592898, 6260004.328718275763094 ] ] ] ] } },
{ "type": "Feature", "properties": { "cellId": "10km_626_59", "Nedboer": null, "Nedbeor": null }, "geometry": { "type": "MultiPolygon", "coordinates": [ [ [ [ 589998.869686977006495, 6260004.748081348836422 ], [ 590001.309849106241018, 6270003.404161300510168 ], [ 599997.800718177109957, 6269994.708136937581003 ], [ 600000.538067435962148, 6259995.407546586357057 ], [ 589998.869686977006495, 6260004.748081348836422 ] ] ] ] } },
{ "type": "Feature", "properties": { "cellId": "10km_626_60", "Nedboer": null, "Nedbeor": null }, "geometry": { "type": "MultiPolygon", "coordinates": [ [ [ [ 600000.538067435962148, 6259995.407546586357057 ], [ 599997.800718177109957, 6269994.708136937581003 ], [ 610001.517878805170767, 6269998.73202874045819 ], [ 609997.127693632966839, 6259998.410699527710676 ], [ 600000.538067435962148, 6259995.407546586357057 ] ] ] ] } },
{ "type": "Feature", "properties": { "cellId": "10km_626_61", "Nedboer": null, "Nedbeor": null }, "geometry": { "type": "MultiPolygon", "coordinates": [ [ [ [ 609997.127693632966839, 6259998.410699527710676 ], [ 610001.517878805170767, 6269998.73202874045819 ], [ 620000.535758750629611, 6270004.046821678057313 ], [ 620001.320422945427708, 6260002.940120940096676 ], [ 609997.127693632966839, 6259998.410699527710676 ] ] ] ] } },
{ "type": "Feature", "properties": { "cellId": "10km_627_44", "Nedboer": null, "Nedbeor": null }, "geometry": { "type": "MultiPolygon", "coordinates": [ [ [ [ 439999.156789283559192, 6270004.371470683254302 ], [ 440000.425287204561755, 6280001.306092353537679 ], [ 449999.606073624279816, 6280004.06501925457269 ], [ 449997.386278727906756, 6269996.449730227701366 ], [ 439999.156789283559192, 6270004.371470683254302 ] ] ] ] } },
{ "type": "Feature", "properties": { "cellId": "10km_627_45", "Nedboer": null, "Nedbeor": null }, "geometry": { "type": "MultiPolygon", "coordinates": [ [ [ [ 449997.386278727906756, 6269996.449730227701366 ], [ 449999.606073624279816, 6280004.06501925457269 ], [ 459997.993956732389051, 6279997.214836635626853 ], [ 460001.232199405669235, 6270001.036949856206775 ], [ 449997.386278727906756, 6269996.449730227701366 ] ] ] ] } },
{ "type": "Feature", "properties": { "cellId": "10km_627_46", "Nedboer": null, "Nedbeor": null }, "geometry": { "type": "MultiPolygon", "coordinates": [ [ [ [ 460001.232199405669235, 6270001.036949856206775 ], [ 459997.993956732389051, 6279997.214836635626853 ], [ 470002.083522100467235, 6280002.970202459022403 ], [ 469998.295430325088091, 6269996.000765692442656 ], [ 460001.232199405669235, 6270001.036949856206775 ] ] ] ] } },
{ "type": "Feature", "properties": { "cellId": "10km_627_47", "Nedboer": null, "Nedbeor": null }, "geometry": { "type": "MultiPolygon", "coordinates": [ [ [ [ 469998.295430325088091, 6269996.000765692442656 ], [ 470002.083522100467235, 6280002.970202459022403 ], [ 479999.557228899851907, 6279999.169684855267406 ], [ 480001.175513266411144, 6270003.498189243488014 ], [ 469998.295430325088091, 6269996.000765692442656 ] ] ] ] } },
{ "type": "Feature", "properties": { "cellId": "10km_627_48", "Nedboer": null, "Nedbeor": null }, "geometry": { "type": "MultiPolygon", "coordinates": [ [ [ [ 480001.175513266411144, 6270003.498189243488014 ], [ 479999.557228899851907, 6279999.169684855267406 ], [ 490002.906735341879539, 6279996.869549333117902 ], [ 489997.579093129141256, 6270001.339255634695292 ], [ 480001.175513266411144, 6270003.498189243488014 ] ] ] ] } },
{ "type": "Feature", "properties": { "cellId": "10km_627_49", "Nedboer": null, "Nedbeor": null }, "geometry": { "type": "MultiPolygon", "coordinates": [ [ [ [ 489997.579093129141256, 6270001.339255634695292 ], [ 490002.906735341879539, 6279996.869549333117902 ], [ 500000.0, 6279996.112655228935182 ], [ 500000.0, 6270000.609996412880719 ], [ 489997.579093129141256, 6270001.339255634695292 ] ] ] ] } },
{ "type": "Feature", "properties": { "cellId": "10km_627_50", "Nedboer": null, "Nedbeor": null }, "geometry": { "type": "MultiPolygon", "coordinates": [ [ [ [ 500000.0, 6270000.609996412880719 ], [ 500000.0, 6279996.112655228935182 ], [ 509997.093264658178668, 6279996.869549333117902 ], [ 510002.420906870858744, 6270001.339255634695292 ], [ 500000.0, 6270000.609996412880719 ] ] ] ] } },
{ "type": "Feature", "properties": { "cellId": "10km_627_51", "Nedboer": null, "Nedbeor": null }, "geometry": { "type": "MultiPolygon", "coordinates": [ [ [ [ 510002.420906870858744, 6270001.339255634695292 ], [ 509997.093264658178668, 6279996.869549333117902 ], [ 520000.442771100148093, 6279999.169684855267406 ], [ 519998.824486733705271, 6270003.498189243488014 ], [ 510002.420906870858744, 6270001.339255634695292 ] ] ] ] } },
{ "type": "Feature", "properties": { "cellId": "10km_627_52", "Nedboer": null, "Nedbeor": null }, "geometry": { "type": "MultiPolygon", "coordinates": [ [ [ [ 519998.824486733705271, 6270003.498189243488014 ], [ 520000.442771100148093, 6279999.169684855267406 ], [ 529997.916477899532765, 6280002.970202459022403 ], [ 530001.704569675028324, 6269996.000765692442656 ], [ 519998.824486733705271, 6270003.498189243488014 ] ] ] ] } },
{ "type": "Feature", "properties": { "cellId": "10km_627_53", "Nedboer": null, "Nedbeor": null }, "geometry": { "type": "MultiPolygon", "coordinates": [ [ [ [ 530001.704569675028324, 6269996.000765692442656 ], [ 529997.916477899532765, 6280002.970202459022403 ], [ 540002.006043267669156, 6279997.214836635626853 ], [ 539998.767800594330765, 6270001.036949856206775 ], [ 530001.704569675028324, 6269996.000765692442656 ] ] ] ] } },
{ "type": "Feature", "properties": { "cellId": "10km_627_54", "Nedboer": null, "Nedbeor": null }, "geometry": { "type": "MultiPolygon", "coordinates": [ [ [ [ 539998.767800594330765, 6270001.036949856206775 ], [ 540002.006043267669156, 6279997.214836635626853 ], [ 550000.393926375661977, 6280004.06501925457269 ], [ 550002.613721272093244, 6269996.449730227701366 ], [ 539998.767800594330765, 6270001.036949856206775 ] ] ] ] } },
{ "type": "Feature", "properties": { "cellId": "10km_627_55", "Nedboer": null, "Nedbeor": null }, "geometry": { "type": "MultiPolygon", "coordinates": [ [ [ [ 550002.613721272093244, 6269996.449730227701366 ], [ 550000.393926375661977, 6280004.06501925457269 ], [ 559999.574712795438245, 6280001.306092353537679 ], [ 560000.843210716615431, 6270004.371470683254302 ], [ 550002.613721272093244, 6269996.449730227701366 ] ] ] ] } },
{ "type": "Feature", "properties": { "cellId": "10km_627_56", "Nedboer": null, "Nedbeor": null }, "geometry": { "type": "MultiPolygon", "coordinates": [ [ [ [ 560000.843210716615431, 6270004.371470683254302 ], [ 559999.574712795438245, 6280001.306092353537679 ], [ 569999.569281177478842, 6280000.072038006037474 ], [ 570000.017278221086599, 6270002.603267272002995 ], [ 560000.843210716615431, 6270004.371470683254302 ] ] ] ] } },
{ "type": "Feature", "properties": { "cellId": "10km_627_57", "Nedboer": null, "Nedbeor": null }, "geometry": { "type": "MultiPolygon", "coordinates": [ [ [ [ 570000.017278221086599, 6270002.603267272002995 ], [ 569999.569281177478842, 6280000.072038006037474 ], [ 580000.504429895081557, 6280000.366784187033772 ], [ 580000.130612968350761, 6270002.279338176362216 ], [ 570000.017278221086599, 6270002.603267272002995 ] ] ] ] } },
{ "type": "Feature", "properties": { "cellId": "10km_627_58", "Nedboer": null, "Nedbeor": null }, "geometry": { "type": "MultiPolygon", "coordinates": [ [ [ [ 580000.130612968350761, 6270002.279338176362216 ], [ 580000.504429895081557, 6280000.366784187033772 ], [ 590002.506955703953281, 6280002.19484647270292 ], [ 590001.309849106241018, 6270003.404161300510168 ], [ 580000.130612968350761, 6270002.279338176362216 ] ] ] ] } },
{ "type": "Feature", "properties": { "cellId": "10km_628_45", "Nedboer": null, "Nedbeor": null }, "geometry": { "type": "MultiPolygon", "coordinates": [ [ [ [ 449999.606073624279816, 6280004.06501925457269 ], [ 450002.372097913583275, 6290000.691689069382846 ], [ 460001.54279777064221, 6290004.608168479986489 ], [ 459997.993956732389051, 6279997.214836635626853 ], [ 449999.606073624279816, 6280004.06501925457269 ] ] ] ] } },
{ "type": "Feature", "properties": { "cellId": "10km_628_46", "Nedboer": null, "Nedbeor": null }, "geometry": { "type": "MultiPolygon", "coordinates": [ [ [ [ 459997.993956732389051, 6279997.214836635626853 ], [ 460001.54279777064221, 6290004.608168479986489 ], [ 470000.072786852892023, 6289998.996680490672588 ], [ 470002.083522100467235, 6280002.970202459022403 ], [ 459997.993956732389051, 6279997.214836635626853 ] ] ] ] } },
{ "type": "Feature", "properties": { "cellId": "10km_628_47", "Nedboer": null, "Nedbeor": null }, "geometry": { "type": "MultiPolygon", "coordinates": [ [ [ [ 470002.083522100467235, 6280002.970202459022403 ], [ 470000.072786852892023, 6289998.996680490672588 ], [ 479998.221868931723293, 6289994.985786820761859 ], [ 479999.557228899851907, 6279999.169684855267406 ], [ 470002.083522100467235, 6280002.970202459022403 ] ] ] ] } },
{ "type": "Feature", "properties": { "cellId": "10km_628_48", "Nedboer": null, "Nedbeor": null }, "geometry": { "type": "MultiPolygon", "coordinates": [ [ [ [ 479999.557228899851907, 6279999.169684855267406 ], [ 479998.221868931723293, 6289994.985786820761859 ], [ 490002.258409514732193, 6290003.690481659024954 ], [ 490002.906735341879539, 6279996.869549333117902 ], [ 479999.557228899851907, 6279999.169684855267406 ] ] ] ] } },
{ "type": "Feature", "properties": { "cellId": "10km_628_49", "Nedboer": null, "Nedbeor": null }, "geometry": { "type": "MultiPolygon", "coordinates": [ [ [ [ 490002.906735341879539, 6279996.869549333117902 ], [ 490002.258409514732193, 6290003.690481659024954 ], [ 500000.0, 6290002.891536214388907 ], [ 500000.0, 6279996.112655228935182 ], [ 490002.906735341879539, 6279996.869549333117902 ] ] ] ] } },
{ "type": "Feature", "properties": { "cellId": "10km_628_50", "Nedboer": null, "Nedbeor": null }, "geometry": { "type": "MultiPolygon", "coordinates": [ [ [ [ 500000.0, 6279996.112655228935182 ], [ 500000.0, 6290002.891536214388907 ], [ 509997.741590485384222, 6290003.690481659024954 ], [ 509997.093264658178668, 6279996.869549333117902 ], [ 500000.0, 6279996.112655228935182 ] ] ] ] } },
{ "type": "Feature", "properties": { "cellId": "10km_628_51", "Nedboer": null, "Nedbeor": null }, "geometry": { "type": "MultiPolygon", "coordinates": [ [ [ [ 509997.093264658178668, 6279996.869549333117902 ], [ 509997.741590485384222, 6290003.690481659024954 ], [ 520001.778131068276707, 6289994.985786820761859 ], [ 520000.442771100148093, 6279999.169684855267406 ], [ 509997.093264658178668, 6279996.869549333117902 ] ] ] ] } },
{ "type": "Feature", "properties": { "cellId": "10km_628_52", "Nedboer": null, "Nedbeor": null }, "geometry": { "type": "MultiPolygon", "coordinates": [ [ [ [ 520000.442771100148093, 6279999.169684855267406 ], [ 520001.778131068276707, 6289994.985786820761859 ], [ 529999.92721314704977, 6289998.996680490672588 ], [ 529997.916477899532765, 6280002.970202459022403 ], [ 520000.442771100148093, 6279999.169684855267406 ] ] ] ] } },
{ "type": "Feature", "properties": { "cellId": "10km_628_53", "Nedboer": null, "Nedbeor": null }, "geometry": { "type": "MultiPolygon", "coordinates": [ [ [ [ 529997.916477899532765, 6280002.970202459022403 ], [ 529999.92721314704977, 6289998.996680490672588 ], [ 539998.457202229299583, 6290004.608168479986489 ], [ 540002.006043267669156, 6279997.214836635626853 ], [ 529997.916477899532765, 6280002.970202459022403 ] ] ] ] } },
{ "type": "Feature", "properties": { "cellId": "10km_628_54", "Nedboer": null, "Nedbeor": null }, "geometry": { "type": "MultiPolygon", "coordinates": [ [ [ [ 540002.006043267669156, 6279997.214836635626853 ], [ 539998.457202229299583, 6290004.608168479986489 ], [ 549997.627902086474933, 6290000.691689069382846 ], [ 550000.393926375661977, 6280004.06501925457269 ], [ 540002.006043267669156, 6279997.214836635626853 ] ] ] ] } },
{ "type": "Feature", "properties": { "cellId": "10km_628_55", "Nedboer": null, "Nedbeor": null }, "geometry": { "type": "MultiPolygon", "coordinates": [ [ [ [ 550000.393926375661977, 6280004.06501925457269 ], [ 549997.627902086474933, 6290000.691689069382846 ], [ 559997.486564346472733, 6289998.380945711396635 ], [ 559999.574712795438245, 6280001.306092353537679 ], [ 550000.393926375661977, 6280004.06501925457269 ] ] ] ] } },
{ "type": "Feature", "properties": { "cellId": "10km_628_56", "Nedboer": null, "Nedbeor": null }, "geometry": { "type": "MultiPolygon", "coordinates": [ [ [ [ 559999.574712795438245, 6280001.306092353537679 ], [ 559997.486564346472733, 6289998.380945711396635 ], [ 569998.160150120733306, 6289997.679306758567691 ], [ 569999.569281177478842, 6280000.072038006037474 ], [ 559999.574712795438245, 6280001.306092353537679 ] ] ] ] } },
{ "type": "Feature", "properties": { "cellId": "10km_628_57", "Nedboer": null, "Nedbeor": null }, "geometry": { "type": "MultiPolygon", "coordinates": [ [ [ [ 569999.569281177478842, 6280000.072038006037474 ], [ 569998.160150120733306, 6289997.679306758567691 ], [ 579999.775618994259275, 6289998.590733052231371 ], [ 580000.504429895081557, 6280000.366784187033772 ], [ 569999.569281177478842, 6280000.072038006037474 ] ] ] ] } },
{ "type": "Feature", "properties": { "cellId": "10km_628_58", "Nedboer": null, "Nedbeor": null }, "geometry": { "type": "MultiPolygon", "coordinates": [ [ [ [ 580000.504429895081557, 6280000.366784187033772 ], [ 579999.775618994259275, 6289998.590733052231371 ], [ 590002.459928783704527, 6290001.119777920655906 ], [ 590002.506955703953281, 6280002.19484647270292 ], [ 580000.504429895081557, 6280000.366784187033772 ] ] ] ] } },
{ "type": "Feature", "properties": { "cellId": "10km_628_65", "Nedboer": null, "Nedbeor": null }, "geometry": { "type": "MultiPolygon", "coordinates": [ [ [ [ 650002.708113563712686, 6279999.650801081210375 ], [ 650000.78271992597729, 6290004.3336640316993 ], [ 660003.224414712516591, 6289995.528562396764755 ], [ 659997.86624897364527, 6280000.461520304903388 ], [ 650002.708113563712686, 6279999.650801081210375 ] ] ] ] } },
{ "type": "Feature", "properties": { "cellId": "10km_628_66", "Nedboer": null, "Nedbeor": null }, "geometry": { "type": "MultiPolygon", "coordinates": [ [ [ [ 659997.86624897364527, 6280000.461520304903388 ], [ 660003.224414712516591, 6289995.528562396764755 ], [ 670001.287242827937007, 6289999.220536862500012 ], [ 670001.289009941974655, 6280003.024476172402501 ], [ 659997.86624897364527, 6280000.461520304903388 ] ] ] ] } },
{ "type": "Feature", "properties": { "cellId": "10km_629_45", "Nedboer": null, "Nedbeor": null }, "geometry": { "type": "MultiPolygon", "coordinates": [ [ [ [ 450002.372097913583275, 6290000.691689069382846 ], [ 449999.716469455277547, 6299997.532873881049454 ], [ 459999.422545740730129, 6300001.071991141885519 ], [ 460001.54279777064221, 6290004.608168479986489 ], [ 450002.372097913583275, 6290000.691689069382846 ] ] ] ] } },
{ "type": "Feature", "properties": { "cellId": "10km_629_46", "Nedboer": null, "Nedbeor": null }, "geometry": { "type": "MultiPolygon", "coordinates": [ [ [ [ 460001.54279777064221, 6290004.608168479986489 ], [ 459999.422545740730129, 6300001.071991141885519 ], [ 469998.486807515146211, 6299995.166897444985807 ], [ 470000.072786852892023, 6289998.996680490672588 ], [ 460001.54279777064221, 6290004.608168479986489 ] ] ] ] } },
{ "type": "Feature", "properties": { "cellId": "10km_629_47", "Nedboer": null, "Nedbeor": null }, "geometry": { "type": "MultiPolygon", "coordinates": [ [ [ [ 470000.072786852892023, 6289998.996680490672588 ], [ 469998.486807515146211, 6299995.166897444985807 ], [ 479997.223013457725756, 6300002.077472342178226 ], [ 479998.221868931723293, 6289994.985786820761859 ], [ 470000.072786852892023, 6289998.996680490672588 ] ] ] ] } },
{ "type": "Feature", "properties": { "cellId": "10km_629_48", "Nedboer": null, "Nedbeor": null }, "geometry": { "type": "MultiPolygon", "coordinates": [ [ [ [ 479998.221868931723293, 6289994.985786820761859 ], [ 479997.223013457725756, 6300002.077472342178226 ], [ 490001.725189739721827, 6299999.525305557996035 ], [ 490002.258409514732193, 6290003.690481659024954 ], [ 479998.221868931723293, 6289994.985786820761859 ] ] ] ] } },
{ "type": "Feature", "properties": { "cellId": "10km_629_49", "Nedboer": null, "Nedbeor": null }, "geometry": { "type": "MultiPolygon", "coordinates": [ [ [ [ 490002.258409514732193, 6290003.690481659024954 ], [ 490001.725189739721827, 6299999.525305557996035 ], [ 500000.0, 6299998.684423811733723 ], [ 500000.0, 6290002.891536214388907 ], [ 490002.258409514732193, 6290003.690481659024954 ] ] ] ] } },
{ "type": "Feature", "properties": { "cellId": "10km_629_50", "Nedboer": null, "Nedbeor": null }, "geometry": { "type": "MultiPolygon", "coordinates": [ [ [ [ 500000.0, 6290002.891536214388907 ], [ 500000.0, 6299998.684423811733723 ], [ 509998.274810260394588, 6299999.525305557996035 ], [ 509997.741590485384222, 6290003.690481659024954 ], [ 500000.0, 6290002.891536214388907 ] ] ] ] } },
{ "type": "Feature", "properties": { "cellId": "10km_629_51", "Nedboer": null, "Nedbeor": null }, "geometry": { "type": "MultiPolygon", "coordinates": [ [ [ [ 509997.741590485384222, 6290003.690481659024954 ], [ 509998.274810260394588, 6299999.525305557996035 ], [ 520002.776986542274244, 6300002.077472342178226 ], [ 520001.778131068276707, 6289994.985786820761859 ], [ 509997.741590485384222, 6290003.690481659024954 ] ] ] ] } },
{ "type": "Feature", "properties": { "cellId": "10km_629_52", "Nedboer": null, "Nedbeor": null }, "geometry": { "type": "MultiPolygon", "coordinates": [ [ [ [ 520001.778131068276707, 6289994.985786820761859 ], [ 520002.776986542274244, 6300002.077472342178226 ], [ 530001.513192484970205, 6299995.166897444985807 ], [ 529999.92721314704977, 6289998.996680490672588 ], [ 520001.778131068276707, 6289994.985786820761859 ] ] ] ] } },
{ "type": "Feature", "properties": { "cellId": "10km_629_53", "Nedboer": null, "Nedbeor": null }, "geometry": { "type": "MultiPolygon", "coordinates": [ [ [ [ 529999.92721314704977, 6289998.996680490672588 ], [ 530001.513192484970205, 6299995.166897444985807 ], [ 540000.577454259269871, 6300001.071991141885519 ], [ 539998.457202229299583, 6290004.608168479986489 ], [ 529999.92721314704977, 6289998.996680490672588 ] ] ] ] } },
{ "type": "Feature", "properties": { "cellId": "10km_629_54", "Nedboer": null, "Nedbeor": null }, "geometry": { "type": "MultiPolygon", "coordinates": [ [ [ [ 539998.457202229299583, 6290004.608168479986489 ], [ 540000.577454259269871, 6300001.071991141885519 ], [ 550000.283530544722453, 6299997.532873881049454 ], [ 549997.627902086474933, 6290000.691689069382846 ], [ 539998.457202229299583, 6290004.608168479986489 ] ] ] ] } },
{ "type": "Feature", "properties": { "cellId": "10km_629_55", "Nedboer": null, "Nedbeor": null }, "geometry": { "type": "MultiPolygon", "coordinates": [ [ [ [ 549997.627902086474933, 6290000.691689069382846 ], [ 550000.283530544722453, 6299997.532873881049454 ], [ 560000.678554765181616, 6299995.68343180604279 ], [ 559997.486564346472733, 6289998.380945711396635 ], [ 549997.627902086474933, 6290000.691689069382846 ] ] ] ] } },
{ "type": "Feature", "properties": { "cellId": "10km_629_56", "Nedboer": null, "Nedbeor": null }, "geometry": { "type": "MultiPolygon", "coordinates": [ [ [ [ 559997.486564346472733, 6289998.380945711396635 ], [ 560000.678554765181616, 6299995.68343180604279 ], [ 570001.889647842617705, 6299995.527061538770795 ], [ 569998.160150120733306, 6289997.679306758567691 ], [ 559997.486564346472733, 6289998.380945711396635 ] ] ] ] } },
{ "type": "Feature", "properties": { "cellId": "10km_629_57", "Nedboer": null, "Nedbeor": null }, "geometry": { "type": "MultiPolygon", "coordinates": [ [ [ [ 569998.160150120733306, 6289997.679306758567691 ], [ 570001.889647842617705, 6299995.527061538770795 ], [ 579997.943231873214245, 6299996.950859824195504 ], [ 579999.775618994259275, 6289998.590733052231371 ], [ 569998.160150120733306, 6289997.679306758567691 ] ] ] ] } },
{ "type": "Feature", "properties": { "cellId": "10km_629_66", "Nedboer": null, "Nedbeor": null }, "geometry": { "type": "MultiPolygon", "coordinates": [ [ [ [ 660003.224414712516591, 6289995.528562396764755 ], [ 659999.820128659834154, 6300001.598564518615603 ], [ 669998.939138924935833, 6299995.521938345395029 ], [ 670001.287242827937007, 6289999.220536862500012 ], [ 660003.224414712516591, 6289995.528562396764755 ] ] ] ] } },
{ "type": "Feature", "properties": { "cellId": "10km_630_45", "Nedboer": null, "Nedbeor": null }, "geometry": { "type": "MultiPolygon", "coordinates": [ [ [ [ 449999.716469455277547, 6299997.532873881049454 ], [ 449997.769395864917897, 6309994.51542029902339 ], [ 459997.869131826912053, 6309997.678392006084323 ], [ 459999.422545740730129, 6300001.071991141885519 ], [ 449999.716469455277547, 6299997.532873881049454 ] ] ] ] } },
{ "type": "Feature", "properties": { "cellId": "10km_630_46", "Nedboer": null, "Nedbeor": null }, "geometry": { "type": "MultiPolygon", "coordinates": [ [ [ [ 459999.422545740730129, 6300001.071991141885519 ], [ 459997.869131826912053, 6309997.678392006084323 ], [ 469997.406222479592543, 6310002.611885147169232 ], [ 469998.486807515146211, 6299995.166897444985807 ], [ 459999.422545740730129, 6300001.071991141885519 ] ] ] ] } },
{ "type": "Feature", "properties": { "cellId": "10km_630_47", "Nedboer": null, "Nedbeor": null }, "geometry": { "type": "MultiPolygon", "coordinates": [ [ [ [ 469998.486807515146211, 6299995.166897444985807 ], [ 469997.406222479592543, 6310002.611885147169232 ], [ 480002.540060066967271, 6309998.153085954487324 ], [ 479997.223013457725756, 6300002.077472342178226 ], [ 469998.486807515146211, 6299995.166897444985807 ] ] ] ] } },
{ "type": "Feature", "properties": { "cellId": "10km_630_48", "Nedboer": null, "Nedbeor": null }, "geometry": { "type": "MultiPolygon", "coordinates": [ [ [ [ 479997.223013457725756, 6300002.077472342178226 ], [ 480002.540060066967271, 6309998.153085954487324 ], [ 490001.33367198461201, 6309995.504736252129078 ], [ 490001.725189739721827, 6299999.525305557996035 ], [ 479997.223013457725756, 6300002.077472342178226 ] ] ] ] } },
{ "type": "Feature", "properties": { "cellId": "10km_630_49", "Nedboer": null, "Nedbeor": null }, "geometry": { "type": "MultiPolygon", "coordinates": [ [ [ [ 490001.725189739721827, 6299999.525305557996035 ], [ 490001.33367198461201, 6309995.504736252129078 ], [ 500000.0, 6309994.622053403407335 ], [ 500000.0, 6299998.684423811733723 ], [ 490001.725189739721827, 6299999.525305557996035 ] ] ] ] } },
{ "type": "Feature", "properties": { "cellId": "10km_630_50", "Nedboer": null, "Nedbeor": null }, "geometry": { "type": "MultiPolygon", "coordinates": [ [ [ [ 500000.0, 6299998.684423811733723 ], [ 500000.0, 6309994.622053403407335 ], [ 509998.666328015446197, 6309995.504736252129078 ], [ 509998.274810260394588, 6299999.525305557996035 ], [ 500000.0, 6299998.684423811733723 ] ] ] ] } },
{ "type": "Feature", "properties": { "cellId": "10km_630_51", "Nedboer": null, "Nedbeor": null }, "geometry": { "type": "MultiPolygon", "coordinates": [ [ [ [ 509998.274810260394588, 6299999.525305557996035 ], [ 509998.666328015446197, 6309995.504736252129078 ], [ 519997.459939933032729, 6309998.153085954487324 ], [ 520002.776986542274244, 6300002.077472342178226 ], [ 509998.274810260394588, 6299999.525305557996035 ] ] ] ] } },
{ "type": "Feature", "properties": { "cellId": "10km_630_52", "Nedboer": null, "Nedbeor": null }, "geometry": { "type": "MultiPolygon", "coordinates": [ [ [ [ 520002.776986542274244, 6300002.077472342178226 ], [ 519997.459939933032729, 6309998.153085954487324 ], [ 530002.593777520349249, 6310002.611885147169232 ], [ 530001.513192484970205, 6299995.166897444985807 ], [ 520002.776986542274244, 6300002.077472342178226 ] ] ] ] } },
{ "type": "Feature", "properties": { "cellId": "10km_630_53", "Nedboer": null, "Nedbeor": null }, "geometry": { "type": "MultiPolygon", "coordinates": [ [ [ [ 530001.513192484970205, 6299995.166897444985807 ], [ 530002.593777520349249, 6310002.611885147169232 ], [ 540002.130868173204362, 6309997.678392006084323 ], [ 540000.577454259269871, 6300001.071991141885519 ], [ 530001.513192484970205, 6299995.166897444985807 ] ] ] ] } },
{ "type": "Feature", "properties": { "cellId": "10km_630_54", "Nedboer": null, "Nedbeor": null }, "geometry": { "type": "MultiPolygon", "coordinates": [ [ [ [ 540000.577454259269871, 6300001.071991141885519 ], [ 540002.130868173204362, 6309997.678392006084323 ], [ 550002.230604135082103, 6309994.51542029902339 ], [ 550000.283530544722453, 6299997.532873881049454 ], [ 540000.577454259269871, 6300001.071991141885519 ] ] ] ] } },
{ "type": "Feature", "properties": { "cellId": "10km_630_55", "Nedboer": null, "Nedbeor": null }, "geometry": { "type": "MultiPolygon", "coordinates": [ [ [ [ 550000.283530544722453, 6299997.532873881049454 ], [ 550002.230604135082103, 6309994.51542029902339 ], [ 560002.859748613787815, 6310004.256534247659147 ], [ 560000.678554765181616, 6299995.68343180604279 ], [ 550000.283530544722453, 6299997.532873881049454 ] ] ] ] } },
{ "type": "Feature", "properties": { "cellId": "10km_630_56", "Nedboer": null, "Nedbeor": null }, "geometry": { "type": "MultiPolygon", "coordinates": [ [ [ [ 560000.678554765181616, 6299995.68343180604279 ], [ 560002.859748613787815, 6310004.256534247659147 ], [ 569998.353912148508243, 6310004.54104287084192 ], [ 570001.889647842617705, 6299995.527061538770795 ], [ 560000.678554765181616, 6299995.68343180604279 ] ] ] ] } },
{ "type": "Feature", "properties": { "cellId": "10km_630_57", "Nedboer": null, "Nedbeor": null }, "geometry": { "type": "MultiPolygon", "coordinates": [ [ [ [ 570001.889647842617705, 6299995.527061538770795 ], [ 569998.353912148508243, 6310004.54104287084192 ], [ 580001.092404233990237, 6309995.56385042052716 ], [ 579997.943231873214245, 6299996.950859824195504 ], [ 570001.889647842617705, 6299995.527061538770795 ] ] ] ] } },
{ "type": "Feature", "properties": { "cellId": "10km_631_45", "Nedboer": null, "Nedbeor": null }, "geometry": { "type": "MultiPolygon", "coordinates": [ [ [ [ 449997.769395864917897, 6309994.51542029902339 ], [ 450002.736867137777153, 6320002.696972112171352 ], [ 460003.06150900607463, 6320005.499846737831831 ], [ 459997.869131826912053, 6309997.678392006084323 ], [ 449997.769395864917897, 6309994.51542029902339 ] ] ] ] } },
{ "type": "Feature", "properties": { "cellId": "10km_631_46", "Nedboer": null, "Nedbeor": null }, "geometry": { "type": "MultiPolygon", "coordinates": [ [ [ [ 459997.869131826912053, 6309997.678392006084323 ], [ 460003.06150900607463, 6320005.499846737831831 ], [ 470002.7421742642764, 6319999.025169838219881 ], [ 469997.406222479592543, 6310002.611885147169232 ], [ 459997.869131826912053, 6309997.678392006084323 ] ] ] ] } },
{ "type": "Feature", "properties": { "cellId": "10km_631_47", "Nedboer": null, "Nedbeor": null }, "geometry": { "type": "MultiPolygon", "coordinates": [ [ [ [ 469997.406222479592543, 6310002.611885147169232 ], [ 470002.7421742642764, 6319999.025169838219881 ], [ 480002.094204082270153, 6320005.533418293111026 ], [ 480002.540060066967271, 6309998.153085954487324 ], [ 469997.406222479592543, 6310002.611885147169232 ] ] ] ] } },
{ "type": "Feature", "properties": { "cellId": "10km_631_48", "Nedboer": null, "Nedbeor": null }, "geometry": { "type": "MultiPolygon", "coordinates": [ [ [ [ 480002.540060066967271, 6309998.153085954487324 ], [ 480002.094204082270153, 6320005.533418293111026 ], [ 490001.110822563292459, 6320002.76013155002147 ], [ 490001.33367198461201, 6309995.504736252129078 ], [ 480002.540060066967271, 6309998.153085954487324 ] ] ] ] } },
{ "type": "Feature", "properties": { "cellId": "10km_631_49", "Nedboer": null, "Nedbeor": null }, "geometry": { "type": "MultiPolygon", "coordinates": [ [ [ [ 490001.33367198461201, 6309995.504736252129078 ], [ 490001.110822563292459, 6320002.76013155002147 ], [ 500000.0, 6320001.835803842172027 ], [ 500000.0, 6309994.622053403407335 ], [ 490001.33367198461201, 6309995.504736252129078 ] ] ] ] } },
{ "type": "Feature", "properties": { "cellId": "10km_631_50", "Nedboer": null, "Nedbeor": null }, "geometry": { "type": "MultiPolygon", "coordinates": [ [ [ [ 500000.0, 6309994.622053403407335 ], [ 500000.0, 6320001.835803842172027 ], [ 509998.889177436707541, 6320002.76013155002147 ], [ 509998.666328015446197, 6309995.504736252129078 ], [ 500000.0, 6309994.622053403407335 ] ] ] ] } },
{ "type": "Feature", "properties": { "cellId": "10km_631_51", "Nedboer": null, "Nedbeor": null }, "geometry": { "type": "MultiPolygon", "coordinates": [ [ [ [ 509998.666328015446197, 6309995.504736252129078 ], [ 509998.889177436707541, 6320002.76013155002147 ], [ 519997.905795917788055, 6320005.533418293111026 ], [ 519997.459939933032729, 6309998.153085954487324 ], [ 509998.666328015446197, 6309995.504736252129078 ] ] ] ] } },
{ "type": "Feature", "properties": { "cellId": "10km_631_52", "Nedboer": null, "Nedbeor": null }, "geometry": { "type": "MultiPolygon", "coordinates": [ [ [ [ 519997.459939933032729, 6309998.153085954487324 ], [ 519997.905795917788055, 6320005.533418293111026 ], [ 529997.2578257357236, 6319999.025169838219881 ], [ 530002.593777520349249, 6310002.611885147169232 ], [ 519997.459939933032729, 6309998.153085954487324 ] ] ] ] } },
{ "type": "Feature", "properties": { "cellId": "10km_631_53", "Nedboer": null, "Nedbeor": null }, "geometry": { "type": "MultiPolygon", "coordinates": [ [ [ [ 530002.593777520349249, 6310002.611885147169232 ], [ 529997.2578257357236, 6319999.025169838219881 ], [ 539996.93849099392537, 6320005.499846737831831 ], [ 540002.130868173204362, 6309997.678392006084323 ], [ 530002.593777520349249, 6310002.611885147169232 ] ] ] ] } },
{ "type": "Feature", "properties": { "cellId": "10km_631_54", "Nedboer": null, "Nedbeor": null }, "geometry": { "type": "MultiPolygon", "coordinates": [ [ [ [ 540002.130868173204362, 6309997.678392006084323 ], [ 539996.93849099392537, 6320005.499846737831831 ], [ 549997.263132862164639, 6320002.696972112171352 ], [ 550002.230604135082103, 6309994.51542029902339 ], [ 540002.130868173204362, 6309997.678392006084323 ] ] ] ] } },
{ "type": "Feature", "properties": { "cellId": "10km_631_55", "Nedboer": null, "Nedbeor": null }, "geometry": { "type": "MultiPolygon", "coordinates": [ [ [ [ 550002.230604135082103, 6309994.51542029902339 ], [ 549997.263132862164639, 6320002.696972112171352 ], [ 559998.278659404022619, 6320001.75079698022455 ], [ 560002.859748613787815, 6310004.256534247659147 ], [ 550002.230604135082103, 6309994.51542029902339 ] ] ] ] } },
{ "type": "Feature", "properties": { "cellId": "10km_631_56", "Nedboer": null, "Nedbeor": null }, "geometry": { "type": "MultiPolygon", "coordinates": [ [ [ [ 560002.859748613787815, 6310004.256534247659147 ], [ 559998.278659404022619, 6320001.75079698022455 ], [ 570000.112506628036499, 6320002.664774490520358 ], [ 569998.353912148508243, 6310004.54104287084192 ], [ 560002.859748613787815, 6310004.256534247659147 ] ] ] ] } },
{ "type": "Feature", "properties": { "cellId": "10km_631_57", "Nedboer": null, "Nedbeor": null }, "geometry": { "type": "MultiPolygon", "coordinates": [ [ [ [ 569998.353912148508243, 6310004.54104287084192 ], [ 570000.112506628036499, 6320002.664774490520358 ], [ 580002.892108613392338, 6320005.44296501763165 ], [ 580001.092404233990237, 6309995.56385042052716 ], [ 569998.353912148508243, 6310004.54104287084192 ] ] ] ] } },
{ "type": "Feature", "properties": { "cellId": "10km_631_58", "Nedboer": null, "Nedbeor": null }, "geometry": { "type": "MultiPolygon", "coordinates": [ [ [ [ 580001.092404233990237, 6309995.56385042052716 ], [ 580002.892108613392338, 6320005.44296501763165 ], [ 590000.914917341549881, 6319998.82820865791291 ], [ 589998.629190606297925, 6309999.370935126207769 ], [ 580001.092404233990237, 6309995.56385042052716 ] ] ] ] } },
{ "type": "Feature", "properties": { "cellId": "10km_632_46", "Nedboer": null, "Nedbeor": null }, "geometry": { "type": "MultiPolygon", "coordinates": [ [ [ [ 460003.06150900607463, 6320005.499846737831831 ], [ 460002.628972634847742, 6330002.390807286836207 ], [ 470002.418316650262568, 6329995.62542615365237 ], [ 470002.7421742642764, 6319999.025169838219881 ], [ 460003.06150900607463, 6320005.499846737831831 ] ] ] ] } },
{ "type": "Feature", "properties": { "cellId": "10km_632_47", "Nedboer": null, "Nedbeor": null }, "geometry": { "type": "MultiPolygon", "coordinates": [ [ [ [ 470002.7421742642764, 6319999.025169838219881 ], [ 470002.418316650262568, 6329995.62542615365237 ], [ 480001.878744216519408, 6330001.926200799643993 ], [ 480002.094204082270153, 6320005.533418293111026 ], [ 470002.7421742642764, 6319999.025169838219881 ] ] ] ] } },
{ "type": "Feature", "properties": { "cellId": "10km_632_48", "Nedboer": null, "Nedbeor": null }, "geometry": { "type": "MultiPolygon", "coordinates": [ [ [ [ 480002.094204082270153, 6320005.533418293111026 ], [ 480001.878744216519408, 6330001.926200799643993 ], [ 490001.003170451207552, 6329999.028339529410005 ], [ 490001.110822563292459, 6320002.76013155002147 ], [ 480002.094204082270153, 6320005.533418293111026 ] ] ] ] } },
{ "type": "Feature", "properties": { "cellId": "10km_632_49", "Nedboer": null, "Nedbeor": null }, "geometry": { "type": "MultiPolygon", "coordinates": [ [ [ [ 490001.110822563292459, 6320002.76013155002147 ], [ 490001.003170451207552, 6329999.028339529410005 ], [ 500000.0, 6329998.062487804330885 ], [ 500000.0, 6320001.835803842172027 ], [ 490001.110822563292459, 6320002.76013155002147 ] ] ] ] } },
{ "type": "Feature", "properties": { "cellId": "10km_632_50", "Nedboer": null, "Nedbeor": null }, "geometry": { "type": "MultiPolygon", "coordinates": [ [ [ [ 500000.0, 6320001.835803842172027 ], [ 500000.0, 6329998.062487804330885 ], [ 509998.996829548792448, 6329999.028339529410005 ], [ 509998.889177436707541, 6320002.76013155002147 ], [ 500000.0, 6320001.835803842172027 ] ] ] ] } },
{ "type": "Feature", "properties": { "cellId": "10km_632_51", "Nedboer": null, "Nedbeor": null }, "geometry": { "type": "MultiPolygon", "coordinates": [ [ [ [ 509998.889177436707541, 6320002.76013155002147 ], [ 509998.996829548792448, 6329999.028339529410005 ], [ 519998.121255783597007, 6330001.926200799643993 ], [ 519997.905795917788055, 6320005.533418293111026 ], [ 509998.889177436707541, 6320002.76013155002147 ] ] ] ] } },
{ "type": "Feature", "properties": { "cellId": "10km_632_52", "Nedboer": null, "Nedbeor": null }, "geometry": { "type": "MultiPolygon", "coordinates": [ [ [ [ 519997.905795917788055, 6320005.533418293111026 ], [ 519998.121255783597007, 6330001.926200799643993 ], [ 529997.581683349679224, 6329995.62542615365237 ], [ 529997.2578257357236, 6319999.025169838219881 ], [ 519997.905795917788055, 6320005.533418293111026 ] ] ] ] } },
{ "type": "Feature", "properties": { "cellId": "10km_632_53", "Nedboer": null, "Nedbeor": null }, "geometry": { "type": "MultiPolygon", "coordinates": [ [ [ [ 529997.2578257357236, 6319999.025169838219881 ], [ 529997.581683349679224, 6329995.62542615365237 ], [ 539997.371027365094051, 6330002.390807286836207 ], [ 539996.93849099392537, 6320005.499846737831831 ], [ 529997.2578257357236, 6319999.025169838219881 ] ] ] ] } },
{ "type": "Feature", "properties": { "cellId": "10km_632_54", "Nedboer": null, "Nedbeor": null }, "geometry": { "type": "MultiPolygon", "coordinates": [ [ [ [ 539996.93849099392537, 6320005.499846737831831 ], [ 539997.371027365094051, 6330002.390807286836207 ], [ 549997.805434877052903, 6329999.961569798178971 ], [ 549997.263132862164639, 6320002.696972112171352 ], [ 539996.93849099392537, 6320005.499846737831831 ] ] ] ] } },
{ "type": "Feature", "properties": { "cellId": "10km_632_55", "Nedboer": null, "Nedbeor": null }, "geometry": { "type": "MultiPolygon", "coordinates": [ [ [ [ 549997.263132862164639, 6320002.696972112171352 ], [ 549997.805434877052903, 6329999.961569798178971 ], [ 559998.931690620956942, 6329999.472146873362362 ], [ 559998.278659404022619, 6320001.75079698022455 ], [ 549997.263132862164639, 6320002.696972112171352 ] ] ] ] } },
{ "type": "Feature", "properties": { "cellId": "10km_632_56", "Nedboer": null, "Nedbeor": null }, "geometry": { "type": "MultiPolygon", "coordinates": [ [ [ [ 559998.278659404022619, 6320001.75079698022455 ], [ 559998.931690620956942, 6329999.472146873362362 ], [ 570000.877385895932093, 6330000.926020129583776 ], [ 570000.112506628036499, 6320002.664774490520358 ], [ 559998.278659404022619, 6320001.75079698022455 ] ] ] ] } },
{ "type": "Feature", "properties": { "cellId": "10km_632_57", "Nedboer": null, "Nedbeor": null }, "geometry": { "type": "MultiPolygon", "coordinates": [ [ [ [ 570000.112506628036499, 6320002.664774490520358 ], [ 570000.877385895932093, 6330000.926020129583776 ], [ 579997.713328845100477, 6330004.210028452798724 ], [ 580002.892108613392338, 6320005.44296501763165 ], [ 570000.112506628036499, 6320002.664774490520358 ] ] ] ] } },
{ "type": "Feature", "properties": { "cellId": "10km_632_58", "Nedboer": null, "Nedbeor": null }, "geometry": { "type": "MultiPolygon", "coordinates": [ [ [ [ 580002.892108613392338, 6320005.44296501763165 ], [ 579997.713328845100477, 6330004.210028452798724 ], [ 590001.922955597750843, 6329998.41853710450232 ], [ 590000.914917341549881, 6319998.82820865791291 ], [ 580002.892108613392338, 6320005.44296501763165 ] ] ] ] } },
{ "type": "Feature", "properties": { "cellId": "10km_633_49", "Nedboer": null, "Nedbeor": null }, "geometry": { "type": "MultiPolygon", "coordinates": [ [ [ [ 490001.003170451207552, 6329999.028339529410005 ], [ 490001.037587837723549, 6339995.440554494038224 ], [ 500000.0, 6340005.565216766670346 ], [ 500000.0, 6329998.062487804330885 ], [ 490001.003170451207552, 6329999.028339529410005 ] ] ] ] } },
{ "type": "Feature", "properties": { "cellId": "10km_633_50", "Nedboer": null, "Nedbeor": null }, "geometry": { "type": "MultiPolygon", "coordinates": [ [ [ [ 500000.0, 6329998.062487804330885 ], [ 500000.0, 6340005.565216766670346 ], [ 509998.962412162276451, 6339995.440554494038224 ], [ 509998.996829548792448, 6329999.028339529410005 ], [ 500000.0, 6329998.062487804330885 ] ] ] ] } },
{ "type": "Feature", "properties": { "cellId": "10km_633_51", "Nedboer": null, "Nedbeor": null }, "geometry": { "type": "MultiPolygon", "coordinates": [ [ [ [ 509998.996829548792448, 6329999.028339529410005 ], [ 509998.962412162276451, 6339995.440554494038224 ], [ 519998.052575175883248, 6339998.462565279565752 ], [ 519998.121255783597007, 6330001.926200799643993 ], [ 509998.996829548792448, 6329999.028339529410005 ] ] ] ] } },
{ "type": "Feature", "properties": { "cellId": "10km_633_52", "Nedboer": null, "Nedbeor": null }, "geometry": { "type": "MultiPolygon", "coordinates": [ [ [ [ 519998.121255783597007, 6330001.926200799643993 ], [ 519998.052575175883248, 6339998.462565279565752 ], [ 529997.398239530040883, 6340003.500278459861875 ], [ 529997.581683349679224, 6329995.62542615365237 ], [ 519998.121255783597007, 6330001.926200799643993 ] ] ] ] } },
{ "type": "Feature", "properties": { "cellId": "10km_633_53", "Nedboer": null, "Nedbeor": null }, "geometry": { "type": "MultiPolygon", "coordinates": [ [ [ [ 529997.581683349679224, 6329995.62542615365237 ], [ 529997.398239530040883, 6340003.500278459861875 ], [ 539997.235271248733625, 6339999.423650103621185 ], [ 539997.371027365094051, 6330002.390807286836207 ], [ 529997.581683349679224, 6329995.62542615365237 ] ] ] ] } },
{ "type": "Feature", "properties": { "cellId": "10km_633_54", "Nedboer": null, "Nedbeor": null }, "geometry": { "type": "MultiPolygon", "coordinates": [ [ [ [ 539997.371027365094051, 6330002.390807286836207 ], [ 539997.235271248733625, 6339999.423650103621185 ], [ 549997.637360545108095, 6339997.366775147616863 ], [ 549997.805434877052903, 6329999.961569798178971 ], [ 539997.371027365094051, 6330002.390807286836207 ] ] ] ] } },
{ "type": "Feature", "properties": { "cellId": "10km_633_55", "Nedboer": null, "Nedbeor": null }, "geometry": { "type": "MultiPolygon", "coordinates": [ [ [ [ 549997.805434877052903, 6329999.961569798178971 ], [ 549997.637360545108095, 6339997.366775147616863 ], [ 559998.732254379196092, 6339997.332546640187502 ], [ 559998.931690620956942, 6329999.472146873362362 ], [ 549997.805434877052903, 6329999.961569798178971 ] ] ] ] } },
{ "type": "Feature", "properties": { "cellId": "10km_633_56", "Nedboer": null, "Nedbeor": null }, "geometry": { "type": "MultiPolygon", "coordinates": [ [ [ [ 559998.931690620956942, 6329999.472146873362362 ], [ 559998.732254379196092, 6339997.332546640187502 ], [ 570000.64769785804674, 6339999.324474751017988 ], [ 570000.877385895932093, 6330000.926020129583776 ], [ 559998.931690620956942, 6329999.472146873362362 ] ] ] ] } },
{ "type": "Feature", "properties": { "cellId": "10km_633_57", "Nedboer": null, "Nedbeor": null }, "geometry": { "type": "MultiPolygon", "coordinates": [ [ [ [ 570000.877385895932093, 6330000.926020129583776 ], [ 570000.64769785804674, 6339999.324474751017988 ], [ 579997.469316280446947, 6340003.229313500225544 ], [ 579997.713328845100477, 6330004.210028452798724 ], [ 570000.877385895932093, 6330000.926020129583776 ] ] ] ] } },
{ "type": "Feature", "properties": { "cellId": "10km_633_58", "Nedboer": null, "Nedbeor": null }, "geometry": { "type": "MultiPolygon", "coordinates": [ [ [ [ 579997.713328845100477, 6330004.210028452798724 ], [ 579997.469316280446947, 6340003.229313500225544 ], [ 590001.652210395317525, 6339998.141546256840229 ], [ 590001.922955597750843, 6329998.41853710450232 ], [ 579997.713328845100477, 6330004.210028452798724 ] ] ] ] } },
{ "type": "Feature", "properties": { "cellId": "10km_634_53", "Nedboer": null, "Nedbeor": null }, "geometry": { "type": "MultiPolygon", "coordinates": [ [ [ [ 529997.398239530040883, 6340003.500278459861875 ], [ 530002.896061553619802, 6350000.430278562009335 ], [ 540002.557830781908706, 6349996.656883593648672 ], [ 539997.235271248733625, 6339999.423650103621185 ], [ 529997.398239530040883, 6340003.500278459861875 ] ] ] ] } },
{ "type": "Feature", "properties": { "cellId": "10km_634_54", "Nedboer": null, "Nedbeor": null }, "geometry": { "type": "MultiPolygon", "coordinates": [ [ [ [ 539997.235271248733625, 6339999.423650103621185 ], [ 540002.557830781908706, 6349996.656883593648672 ], [ 550002.785465948516503, 6349994.985763732343912 ], [ 549997.637360545108095, 6339997.366775147616863 ], [ 539997.235271248733625, 6339999.423650103621185 ] ] ] ] } },
{ "type": "Feature", "properties": { "cellId": "10km_634_55", "Nedboer": null, "Nedbeor": null }, "geometry": { "type": "MultiPolygon", "coordinates": [ [ [ [ 549997.637360545108095, 6339997.366775147616863 ], [ 550002.785465948516503, 6349994.985763732343912 ], [ 559997.679624006035738, 6349995.331717767752707 ], [ 559998.732254379196092, 6339997.332546640187502 ], [ 549997.637360545108095, 6339997.366775147616863 ] ] ] ] } },
{ "type": "Feature", "properties": { "cellId": "10km_634_56", "Nedboer": null, "Nedbeor": null }, "geometry": { "type": "MultiPolygon", "coordinates": [ [ [ [ 559998.732254379196092, 6339997.332546640187502 ], [ 559997.679624006035738, 6349995.331717767752707 ], [ 569999.422594926669262, 6349997.859831683337688 ], [ 570000.64769785804674, 6339999.324474751017988 ], [ 559998.732254379196092, 6339997.332546640187502 ] ] ] ] } },
{ "type": "Feature", "properties": { "cellId": "10km_634_57", "Nedboer": null, "Nedbeor": null }, "geometry": { "type": "MultiPolygon", "coordinates": [ [ [ [ 570000.64769785804674, 6339999.324474751017988 ], [ 569999.422594926669262, 6349997.859831683337688 ], [ 580002.115112042869441, 6350002.50083604734391 ], [ 579997.469316280446947, 6340003.229313500225544 ], [ 570000.64769785804674, 6339999.324474751017988 ] ] ] ] } },
{ "type": "Feature", "properties": { "cellId": "10km_634_58", "Nedboer": null, "Nedbeor": null }, "geometry": { "type": "MultiPolygon", "coordinates": [ [ [ [ 579997.469316280446947, 6340003.229313500225544 ], [ 580002.115112042869441, 6350002.50083604734391 ], [ 590000.101592561230063, 6349997.996860163286328 ], [ 590001.652210395317525, 6339998.141546256840229 ], [ 579997.469316280446947, 6340003.229313500225544 ] ] ] ] } },
{ "type": "Feature", "properties": { "cellId": "10km_634_59", "Nedboer": null, "Nedbeor": null }, "geometry": { "type": "MultiPolygon", "coordinates": [ [ [ [ 590001.652210395317525, 6339998.141546256840229 ], [ 590000.101592561230063, 6349997.996860163286328 ], [ 599999.347354877623729, 6349995.587324416264892 ], [ 600001.050522145116702, 6339994.948177927173674 ], [ 590001.652210395317525, 6339998.141546256840229 ] ] ] ] } },
{ "type": "Feature", "properties": { "cellId": "10km_634_61", "Nedboer": null, "Nedbeor": null }, "geometry": { "type": "MultiPolygon", "coordinates": [ [ [ [ 610001.536802046466619, 6340004.902224898338318 ], [ 609999.980248975334689, 6349995.278365751728415 ], [ 620002.128120937966742, 6349997.076742215082049 ], [ 619998.087815866107121, 6339994.445656548254192 ], [ 610001.536802046466619, 6340004.902224898338318 ] ] ] ] } },
{ "type": "Feature", "properties": { "cellId": "10km_634_62", "Nedboer": null, "Nedbeor": null }, "geometry": { "type": "MultiPolygon", "coordinates": [ [ [ [ 619998.087815866107121, 6339994.445656548254192 ], [ 620002.128120937966742, 6349997.076742215082049 ], [ 629999.890594866126776, 6350000.798897639848292 ], [ 630002.024724507238716, 6339997.311912519857287 ], [ 619998.087815866107121, 6339994.445656548254192 ] ] ] ] } },
{ "type": "Feature", "properties": { "cellId": "10km_635_54", "Nedboer": null, "Nedbeor": null }, "geometry": { "type": "MultiPolygon", "coordinates": [ [ [ [ 540002.557830781908706, 6349996.656883593648672 ], [ 540001.160471423645504, 6360005.104740521870553 ], [ 550001.044042446301319, 6360003.803211454302073 ], [ 550002.785465948516503, 6349994.985763732343912 ], [ 540002.557830781908706, 6349996.656883593648672 ] ] ] ] } },
{ "type": "Feature", "properties": { "cellId": "10km_635_55", "Nedboer": null, "Nedbeor": null }, "geometry": { "type": "MultiPolygon", "coordinates": [ [ [ [ 550002.785465948516503, 6349994.985763732343912 ], [ 550001.044042446301319, 6360003.803211454302073 ], [ 560001.622320788446814, 6360004.689087412320077 ], [ 559997.679624006035738, 6349995.331717767752707 ], [ 550002.785465948516503, 6349994.985763732343912 ] ] ] ] } },
{ "type": "Feature", "properties": { "cellId": "10km_635_56", "Nedboer": null, "Nedbeor": null }, "geometry": { "type": "MultiPolygon", "coordinates": [ [ [ [ 559997.679624006035738, 6349995.331717767752707 ], [ 560001.622320788446814, 6360004.689087412320077 ], [ 569997.201234023552388, 6359996.531782642006874 ], [ 569999.422594926669262, 6349997.859831683337688 ], [ 559997.679624006035738, 6349995.331717767752707 ] ] ] ] } },
{ "type": "Feature", "properties": { "cellId": "10km_635_57", "Nedboer": null, "Nedbeor": null }, "geometry": { "type": "MultiPolygon", "coordinates": [ [ [ [ 569999.422594926669262, 6349997.859831683337688 ], [ 569997.201234023552388, 6359996.531782642006874 ], [ 579999.580181172001176, 6360001.789390416815877 ], [ 580002.115112042869441, 6350002.50083604734391 ], [ 569999.422594926669262, 6349997.859831683337688 ] ] ] ] } },
{ "type": "Feature", "properties": { "cellId": "10km_635_58", "Nedboer": null, "Nedbeor": null }, "geometry": { "type": "MultiPolygon", "coordinates": [ [ [ [ 580002.115112042869441, 6350002.50083604734391 ], [ 579999.580181172001176, 6360001.789390416815877 ], [ 589997.270018735202029, 6359997.984101114794612 ], [ 590000.101592561230063, 6349997.996860163286328 ], [ 580002.115112042869441, 6350002.50083604734391 ] ] ] ] } },
{ "type": "Feature", "properties": { "cellId": "10km_635_59", "Nedboer": null, "Nedbeor": null }, "geometry": { "type": "MultiPolygon", "coordinates": [ [ [ [ 590000.101592561230063, 6349997.996860163286328 ], [ 589997.270018735202029, 6359997.984101114794612 ], [ 600002.233890731004067, 6359996.502641278319061 ], [ 599999.347354877623729, 6349995.587324416264892 ], [ 590000.101592561230063, 6349997.996860163286328 ] ] ] ] } },
{ "type": "Feature", "properties": { "cellId": "10km_635_61", "Nedboer": null, "Nedbeor": null }, "geometry": { "type": "MultiPolygon", "coordinates": [ [ [ [ 609999.980248975334689, 6349995.278365751728415 ], [ 610002.573914053267799, 6359997.07187632098794 ], [ 619998.417623004992492, 6359999.654509365558624 ], [ 620002.128120937966742, 6349997.076742215082049 ], [ 609999.980248975334689, 6349995.278365751728415 ] ] ] ] } },
{ "type": "Feature", "properties": { "cellId": "10km_635_62", "Nedboer": null, "Nedbeor": null }, "geometry": { "type": "MultiPolygon", "coordinates": [ [ [ [ 620002.128120937966742, 6349997.076742215082049 ], [ 619998.417623004992492, 6359999.654509365558624 ], [ 630001.91950946720317, 6360004.59611380007118 ], [ 629999.890594866126776, 6350000.798897639848292 ], [ 620002.128120937966742, 6349997.076742215082049 ] ] ] ] } },
{ "type": "Feature", "properties": { "cellId": "10km_636_54", "Nedboer": null, "Nedbeor": null }, "geometry": { "type": "MultiPolygon", "coordinates": [ [ [ [ 540001.160471423645504, 6360005.104740521870553 ], [ 539999.301863007131033, 6370002.562025160528719 ], [ 549998.726046579657122, 6370001.628929731436074 ], [ 550001.044042446301319, 6360003.803211454302073 ], [ 540001.160471423645504, 6360005.104740521870553 ] ] ] ] } },
{ "type": "Feature", "properties": { "cellId": "10km_636_55", "Nedboer": null, "Nedbeor": null }, "geometry": { "type": "MultiPolygon", "coordinates": [ [ [ [ 550001.044042446301319, 6360003.803211454302073 ], [ 549998.726046579657122, 6370001.628929731436074 ], [ 559998.845872255158611, 6370002.965195216238499 ], [ 560001.622320788446814, 6360004.689087412320077 ], [ 550001.044042446301319, 6360003.803211454302073 ] ] ] ] } },
{ "type": "Feature", "properties": { "cellId": "10km_636_56", "Nedboer": null, "Nedbeor": null }, "geometry": { "type": "MultiPolygon", "coordinates": [ [ [ [ 560001.622320788446814, 6360004.689087412320077 ], [ 559998.845872255158611, 6370002.965195216238499 ], [ 569999.980711854761466, 6369995.443023649975657 ], [ 569997.201234023552388, 6359996.531782642006874 ], [ 560001.622320788446814, 6360004.689087412320077 ] ] ] ] } },
{ "type": "Feature", "properties": { "cellId": "10km_636_57", "Nedboer": null, "Nedbeor": null }, "geometry": { "type": "MultiPolygon", "coordinates": [ [ [ [ 569997.201234023552388, 6359996.531782642006874 ], [ 569999.980711854761466, 6369995.443023649975657 ], [ 580001.903720165952109, 6370001.329732678830624 ], [ 579999.580181172001176, 6360001.789390416815877 ], [ 569997.201234023552388, 6359996.531782642006874 ] ] ] ] } },
{ "type": "Feature", "properties": { "cellId": "10km_636_58", "Nedboer": null, "Nedbeor": null }, "geometry": { "type": "MultiPolygon", "coordinates": [ [ [ [ 579999.580181172001176, 6360001.789390416815877 ], [ 580001.903720165952109, 6370001.329732678830624 ], [ 589999.15457795385737, 6369998.235327702015638 ], [ 589997.270018735202029, 6359997.984101114794612 ], [ 579999.580181172001176, 6360001.789390416815877 ] ] ] ] } },
{ "type": "Feature", "properties": { "cellId": "10km_636_59", "Nedboer": null, "Nedbeor": null }, "geometry": { "type": "MultiPolygon", "coordinates": [ [ [ [ 589997.270018735202029, 6359997.984101114794612 ], [ 589999.15457795385737, 6369998.235327702015638 ], [ 599997.668183738482185, 6369997.399823731742799 ], [ 600002.233890731004067, 6359996.502641278319061 ], [ 589997.270018735202029, 6359997.984101114794612 ] ] ] ] } },
{ "type": "Feature", "properties": { "cellId": "10km_637_55", "Nedboer": null, "Nedbeor": null }, "geometry": { "type": "MultiPolygon", "coordinates": [ [ [ [ 549998.726046579657122, 6370001.628929731436074 ], [ 550001.678284918772988, 6379999.667875902727246 ], [ 560001.197164731798694, 6380001.46760736964643 ], [ 559998.845872255158611, 6370002.965195216238499 ], [ 549998.726046579657122, 6370001.628929731436074 ] ] ] ] } },
{ "type": "Feature", "properties": { "cellId": "10km_637_56", "Nedboer": null, "Nedbeor": null }, "geometry": { "type": "MultiPolygon", "coordinates": [ [ [ [ 559998.845872255158611, 6370002.965195216238499 ], [ 560001.197164731798694, 6380001.46760736964643 ], [ 570001.732814616174437, 6379994.490439327433705 ], [ 569999.980711854761466, 6369995.443023649975657 ], [ 559998.845872255158611, 6370002.965195216238499 ] ] ] ] } },
{ "type": "Feature", "properties": { "cellId": "10km_637_57", "Nedboer": null, "Nedbeor": null }, "geometry": { "type": "MultiPolygon", "coordinates": [ [ [ [ 569999.980711854761466, 6369995.443023649975657 ], [ 570001.732814616174437, 6379994.490439327433705 ], [ 579997.073978741187602, 6380000.886178443208337 ], [ 580001.903720165952109, 6370001.329732678830624 ], [ 569999.980711854761466, 6369995.443023649975657 ] ] ] ] } },
{ "type": "Feature", "properties": { "cellId": "10km_637_58", "Nedboer": null, "Nedbeor": null }, "geometry": { "type": "MultiPolygon", "coordinates": [ [ [ [ 580001.903720165952109, 6370001.329732678830624 ], [ 579997.073978741187602, 6380000.886178443208337 ], [ 589999.726582327508368, 6379998.617978109978139 ], [ 589999.15457795385737, 6369998.235327702015638 ], [ 580001.903720165952109, 6370001.329732678830624 ] ] ] ] } },
{ "type": "Feature", "properties": { "cellId": "10km_637_59", "Nedboer": null, "Nedbeor": null }, "geometry": { "type": "MultiPolygon", "coordinates": [ [ [ [ 589999.15457795385737, 6369998.235327702015638 ], [ 589999.726582327508368, 6379998.617978109978139 ], [ 599997.660339981899597, 6379998.572618382051587 ], [ 599997.668183738482185, 6369997.399823731742799 ], [ 589999.15457795385737, 6369998.235327702015638 ] ] ] ] } },
{ "type": "Feature", "properties": { "cellId": "10km_638_55", "Nedboer": null, "Nedbeor": null }, "geometry": { "type": "MultiPolygon", "coordinates": [ [ [ [ 550001.678284918772988, 6379999.667875902727246 ], [ 549997.919371104682796, 6389997.772557546384633 ], [ 560002.662907564430498, 6390000.107830785214901 ], [ 560001.197164731798694, 6380001.46760736964643 ], [ 550001.678284918772988, 6379999.667875902727246 ] ] ] ] } },
{ "type": "Feature", "properties": { "cellId": "10km_638_56", "Nedboer": null, "Nedbeor": null }, "geometry": { "type": "MultiPolygon", "coordinates": [ [ [ [ 560001.197164731798694, 6380001.46760736964643 ], [ 560002.662907564430498, 6390000.107830785214901 ], [ 570002.264155378448777, 6390004.805401491932571 ], [ 570001.732814616174437, 6379994.490439327433705 ], [ 560001.197164731798694, 6380001.46760736964643 ] ] ] ] } },
{ "type": "Feature", "properties": { "cellId": "10km_638_57", "Nedboer": null, "Nedbeor": null }, "geometry": { "type": "MultiPolygon", "coordinates": [ [ [ [ 570001.732814616174437, 6379994.490439327433705 ], [ 570002.264155378448777, 6390004.805401491932571 ], [ 579997.071329856058583, 6390000.693947806023061 ], [ 579997.073978741187602, 6380000.886178443208337 ], [ 570001.732814616174437, 6379994.490439327433705 ] ] ] ] } },
{ "type": "Feature", "properties": { "cellId": "10km_638_58", "Nedboer": null, "Nedbeor": null }, "geometry": { "type": "MultiPolygon", "coordinates": [ [ [ [ 579997.073978741187602, 6380000.886178443208337 ], [ 579997.071329856058583, 6390000.693947806023061 ], [ 589998.984921302762814, 6389999.131662666797638 ], [ 589999.726582327508368, 6379998.617978109978139 ], [ 579997.073978741187602, 6380000.886178443208337 ] ] ] ] } },
{ "type": "Feature", "properties": { "cellId": "10km_639_59", "Nedboer": null, "Nedbeor": null }, "geometry": { "type": "MultiPolygon", "coordinates": [ [ [ [ 589998.984921302762814, 6389999.131662666797638 ], [ 590002.882437570136972, 6399999.908829330466688 ], [ 599999.228361514513381, 6400001.449873161502182 ], [ 600002.164951798156835, 6390000.021034229546785 ], [ 589998.984921302762814, 6389999.131662666797638 ] ] ] ] } },
{ "type": "Feature", "properties": { "cellId": "10km_639_58", "Nedboer": null, "Nedbeor": null }, "geometry": { "type": "MultiPolygon", "coordinates": [ [ [ [ 579997.071329856058583, 6390000.693947806023061 ], [ 580001.850571271847002, 6400000.753038993105292 ], [ 590002.882437570136972, 6399999.908829330466688 ], [ 589998.984921302762814, 6389999.131662666797638 ], [ 579997.071329856058583, 6390000.693947806023061 ] ] ] ] } }
]
}
